﻿Domain Code,Domain,Area Code (FAO),Area,Element Code,Element,Item Code (FAO),Item,Year Code,Year,Unit,Value,Flag,Flag Description
QCL,Crops and livestock products,231,United States of America,5312,Area harvested,56,Maize,2000,2000,ha,29315740,,Official data
QCL,Crops and livestock products,231,United States of America,5312,Area harvested,56,Maize,2001,2001,ha,27829720,,Official data
QCL,Crops and livestock products,231,United States of America,5312,Area harvested,56,Maize,2002,2002,ha,28057160,,Official data
QCL,Crops and livestock products,231,United States of America,5312,Area harvested,56,Maize,2003,2003,ha,28710330,,Official data
QCL,Crops and livestock products,231,United States of America,5312,Area harvested,56,Maize,2004,2004,ha,29797730,,Official data
QCL,Crops and livestock products,231,United States of America,5312,Area harvested,56,Maize,2005,2005,ha,30399100,,Official data
QCL,Crops and livestock products,231,United States of America,5312,Area harvested,56,Maize,2006,2006,ha,28586490,,Official data
QCL,Crops and livestock products,231,United States of America,5312,Area harvested,56,Maize,2007,2007,ha,35013780,,Official data
QCL,Crops and livestock products,231,United States of America,5312,Area harvested,56,Maize,2008,2008,ha,31796490,,Official data
QCL,Crops and livestock products,231,United States of America,5312,Area harvested,56,Maize,2009,2009,ha,32168810,,Official data
QCL,Crops and livestock products,231,United States of America,5312,Area harvested,56,Maize,2010,2010,ha,32960380,,Official data
QCL,Crops and livestock products,231,United States of America,5312,Area harvested,56,Maize,2011,2011,ha,33944990,,Official data
QCL,Crops and livestock products,231,United States of America,5312,Area harvested,56,Maize,2012,2012,ha,35355740,,Official data
QCL,Crops and livestock products,231,United States of America,5312,Area harvested,56,Maize,2013,2013,ha,35390550,,Official data
QCL,Crops and livestock products,231,United States of America,5312,Area harvested,56,Maize,2014,2014,ha,33644310,,Official data
QCL,Crops and livestock products,231,United States of America,5312,Area harvested,56,Maize,2015,2015,ha,32678310,,Official data
QCL,Crops and livestock products,231,United States of America,5312,Area harvested,56,Maize,2016,2016,ha,35106050,,Official data
QCL,Crops and livestock products,231,United States of America,5312,Area harvested,56,Maize,2017,2017,ha,33481220,,Official data
QCL,Crops and livestock products,231,United States of America,5312,Area harvested,56,Maize,2018,2018,ha,32891580,,Official data
QCL,Crops and livestock products,231,United States of America,5312,Area harvested,56,Maize,2019,2019,ha,32916270,,Official data
QCL,Crops and livestock products,231,United States of America,5312,Area harvested,56,Maize,2020,2020,ha,33373570,,Official data
QCL,Crops and livestock products,231,United States of America,5419,Yield,56,Maize,2000,2000,hg/ha,85911,Fc,Calculated data
QCL,Crops and livestock products,231,United States of America,5419,Yield,56,Maize,2001,2001,hg/ha,86733,Fc,Calculated data
QCL,Crops and livestock products,231,United States of America,5419,Yield,56,Maize,2002,2002,hg/ha,81180,Fc,Calculated data
QCL,Crops and livestock products,231,United States of America,5419,Yield,56,Maize,2003,2003,hg/ha,89246,Fc,Calculated data
QCL,Crops and livestock products,231,United States of America,5419,Yield,56,Maize,2004,2004,hg/ha,100637,Fc,Calculated data
QCL,Crops and livestock products,231,United States of America,5419,Yield,56,Maize,2005,2005,hg/ha,92852,Fc,Calculated data
QCL,Crops and livestock products,231,United States of America,5419,Yield,56,Maize,2006,2006,hg/ha,93577,Fc,Calculated data
QCL,Crops and livestock products,231,United States of America,5419,Yield,56,Maize,2007,2007,hg/ha,94585,Fc,Calculated data
QCL,Crops and livestock products,231,United States of America,5419,Yield,56,Maize,2008,2008,hg/ha,96209,Fc,Calculated data
QCL,Crops and livestock products,231,United States of America,5419,Yield,56,Maize,2009,2009,hg/ha,103181,Fc,Calculated data
QCL,Crops and livestock products,231,United States of America,5419,Yield,56,Maize,2010,2010,hg/ha,95757,Fc,Calculated data
QCL,Crops and livestock products,231,United States of America,5419,Yield,56,Maize,2011,2011,hg/ha,92146,Fc,Calculated data
QCL,Crops and livestock products,231,United States of America,5419,Yield,56,Maize,2012,2012,hg/ha,77270,Fc,Calculated data
QCL,Crops and livestock products,231,United States of America,5419,Yield,56,Maize,2013,2013,hg/ha,99256,Fc,Calculated data
QCL,Crops and livestock products,231,United States of America,5419,Yield,56,Maize,2014,2014,hg/ha,107326,Fc,Calculated data
QCL,Crops and livestock products,231,United States of America,5419,Yield,56,Maize,2015,2015,hg/ha,105723,Fc,Calculated data
QCL,Crops and livestock products,231,United States of America,5419,Yield,56,Maize,2016,2016,hg/ha,117433,Fc,Calculated data
QCL,Crops and livestock products,231,United States of America,5419,Yield,56,Maize,2017,2017,hg/ha,110837,Fc,Calculated data
QCL,Crops and livestock products,231,United States of America,5419,Yield,56,Maize,2018,2018,hg/ha,110746,Fc,Calculated data
QCL,Crops and livestock products,231,United States of America,5419,Yield,56,Maize,2019,2019,hg/ha,105104,Fc,Calculated data
QCL,Crops and livestock products,231,United States of America,5419,Yield,56,Maize,2020,2020,hg/ha,107945,Fc,Calculated data
QCL,Crops and livestock products,231,United States of America,5510,Production,56,Maize,2000,2000,tonnes,251853900,,Official data
QCL,Crops and livestock products,231,United States of America,5510,Production,56,Maize,2001,2001,tonnes,241376650,,Official data
QCL,Crops and livestock products,231,United States of America,5510,Production,56,Maize,2002,2002,tonnes,227766880,,Official data
QCL,Crops and livestock products,231,United States of America,5510,Production,56,Maize,2003,2003,tonnes,256229020,,Official data
QCL,Crops and livestock products,231,United States of America,5510,Production,56,Maize,2004,2004,tonnes,299875570,,Official data
QCL,Crops and livestock products,231,United States of America,5510,Production,56,Maize,2005,2005,tonnes,282262550,,Official data
QCL,Crops and livestock products,231,United States of America,5510,Production,56,Maize,2006,2006,tonnes,267502850,,Official data
QCL,Crops and livestock products,231,United States of America,5510,Production,56,Maize,2007,2007,tonnes,331177280,,Official data
QCL,Crops and livestock products,231,United States of America,5510,Production,56,Maize,2008,2008,tonnes,305911450,,Official data
QCL,Crops and livestock products,231,United States of America,5510,Production,56,Maize,2009,2009,tonnes,331921050,,Official data
QCL,Crops and livestock products,231,United States of America,5510,Production,56,Maize,2010,2010,tonnes,315617920,,Official data
QCL,Crops and livestock products,231,United States of America,5510,Production,56,Maize,2011,2011,tonnes,312788890,,Official data
QCL,Crops and livestock products,231,United States of America,5510,Production,56,Maize,2012,2012,tonnes,273192400,,Official data
QCL,Crops and livestock products,231,United States of America,5510,Production,56,Maize,2013,2013,tonnes,351271870,,Official data
QCL,Crops and livestock products,231,United States of America,5510,Production,56,Maize,2014,2014,tonnes,361091140,,Official data
QCL,Crops and livestock products,231,United States of America,5510,Production,56,Maize,2015,2015,tonnes,345486340,,Official data
QCL,Crops and livestock products,231,United States of America,5510,Production,56,Maize,2016,2016,tonnes,412262180,,Official data
QCL,Crops and livestock products,231,United States of America,5510,Production,56,Maize,2017,2017,tonnes,371096030,,Official data
QCL,Crops and livestock products,231,United States of America,5510,Production,56,Maize,2018,2018,tonnes,364262150,,Official data
QCL,Crops and livestock products,231,United States of America,5510,Production,56,Maize,2019,2019,tonnes,345962110,,Official data
QCL,Crops and livestock products,231,United States of America,5510,Production,56,Maize,2020,2020,tonnes,360251560,,Official data
QCL,Crops and livestock products,231,United States of America,5312,Area harvested,236,Soybeans,2000,2000,ha,29302790,,Official data
QCL,Crops and livestock products,231,United States of America,5312,Area harvested,236,Soybeans,2001,2001,ha,29532250,,Official data
QCL,Crops and livestock products,231,United States of America,5312,Area harvested,236,Soybeans,2002,2002,ha,29338810,,Official data
QCL,Crops and livestock products,231,United States of America,5312,Area harvested,236,Soybeans,2003,2003,ha,29330310,,Official data
QCL,Crops and livestock products,231,United States of America,5312,Area harvested,236,Soybeans,2004,2004,ha,29930060,,Official data
QCL,Crops and livestock products,231,United States of America,5312,Area harvested,236,Soybeans,2005,2005,ha,28834570,,Official data
QCL,Crops and livestock products,231,United States of America,5312,Area harvested,236,Soybeans,2006,2006,ha,30190680,,Official data
QCL,Crops and livestock products,231,United States of America,5312,Area harvested,236,Soybeans,2007,2007,ha,25959240,,Official data
QCL,Crops and livestock products,231,United States of America,5312,Area harvested,236,Soybeans,2008,2008,ha,30222650,,Official data
QCL,Crops and livestock products,231,United States of America,5312,Area harvested,236,Soybeans,2009,2009,ha,30906980,,Official data
QCL,Crops and livestock products,231,United States of America,5312,Area harvested,236,Soybeans,2010,2010,ha,31003300,,Official data
QCL,Crops and livestock products,231,United States of America,5312,Area harvested,236,Soybeans,2011,2011,ha,29856410,,Official data
QCL,Crops and livestock products,231,United States of America,5312,Area harvested,236,Soybeans,2012,2012,ha,30814720,,Official data
QCL,Crops and livestock products,231,United States of America,5312,Area harvested,236,Soybeans,2013,2013,ha,30858830,,Official data
QCL,Crops and livestock products,231,United States of America,5312,Area harvested,236,Soybeans,2014,2014,ha,33423750,,Official data
QCL,Crops and livestock products,231,United States of America,5312,Area harvested,236,Soybeans,2015,2015,ha,33123470,,Official data
QCL,Crops and livestock products,231,United States of America,5312,Area harvested,236,Soybeans,2016,2016,ha,33470290,,Official data
QCL,Crops and livestock products,231,United States of America,5312,Area harvested,236,Soybeans,2017,2017,ha,36236750,,Official data
QCL,Crops and livestock products,231,United States of America,5312,Area harvested,236,Soybeans,2018,2018,ha,35448420,,Official data
QCL,Crops and livestock products,231,United States of America,5312,Area harvested,236,Soybeans,2019,2019,ha,30327060,,Official data
QCL,Crops and livestock products,231,United States of America,5312,Area harvested,236,Soybeans,2020,2020,ha,33313270,,Official data
QCL,Crops and livestock products,231,United States of America,5419,Yield,236,Soybeans,2000,2000,hg/ha,25614,Fc,Calculated data
QCL,Crops and livestock products,231,United States of America,5419,Yield,236,Soybeans,2001,2001,hg/ha,26639,Fc,Calculated data
QCL,Crops and livestock products,231,United States of America,5419,Yield,236,Soybeans,2002,2002,hg/ha,25567,Fc,Calculated data
QCL,Crops and livestock products,231,United States of America,5419,Yield,236,Soybeans,2003,2003,hg/ha,22769,Fc,Calculated data
QCL,Crops and livestock products,231,United States of America,5419,Yield,236,Soybeans,2004,2004,hg/ha,28405,Fc,Calculated data
QCL,Crops and livestock products,231,United States of America,5419,Yield,236,Soybeans,2005,2005,hg/ha,28961,Fc,Calculated data
QCL,Crops and livestock products,231,United States of America,5419,Yield,236,Soybeans,2006,2006,hg/ha,28817,Fc,Calculated data
QCL,Crops and livestock products,231,United States of America,5419,Yield,236,Soybeans,2007,2007,hg/ha,28067,Fc,Calculated data
QCL,Crops and livestock products,231,United States of America,5419,Yield,236,Soybeans,2008,2008,hg/ha,26718,Fc,Calculated data
QCL,Crops and livestock products,231,United States of America,5419,Yield,236,Soybeans,2009,2009,hg/ha,29595,Fc,Calculated data
QCL,Crops and livestock products,231,United States of America,5419,Yield,236,Soybeans,2010,2010,hg/ha,29243,Fc,Calculated data
QCL,Crops and livestock products,231,United States of America,5419,Yield,236,Soybeans,2011,2011,hg/ha,28232,Fc,Calculated data
QCL,Crops and livestock products,231,United States of America,5419,Yield,236,Soybeans,2012,2012,hg/ha,26867,Fc,Calculated data
QCL,Crops and livestock products,231,United States of America,5419,Yield,236,Soybeans,2013,2013,hg/ha,29615,Fc,Calculated data
QCL,Crops and livestock products,231,United States of America,5419,Yield,236,Soybeans,2014,2014,hg/ha,31977,Fc,Calculated data
QCL,Crops and livestock products,231,United States of America,5419,Yield,236,Soybeans,2015,2015,hg/ha,32289,Fc,Calculated data
QCL,Crops and livestock products,231,United States of America,5419,Yield,236,Soybeans,2016,2016,hg/ha,34936,Fc,Calculated data
QCL,Crops and livestock products,231,United States of America,5419,Yield,236,Soybeans,2017,2017,hg/ha,33133,Fc,Calculated data
QCL,Crops and livestock products,231,United States of America,5419,Yield,236,Soybeans,2018,2018,hg/ha,33997,Fc,Calculated data
QCL,Crops and livestock products,231,United States of America,5419,Yield,236,Soybeans,2019,2019,hg/ha,31875,Fc,Calculated data
QCL,Crops and livestock products,231,United States of America,5419,Yield,236,Soybeans,2020,2020,hg/ha,33785,Fc,Calculated data
QCL,Crops and livestock products,231,United States of America,5510,Production,236,Soybeans,2000,2000,tonnes,75055290,,Official data
QCL,Crops and livestock products,231,United States of America,5510,Production,236,Soybeans,2001,2001,tonnes,78671470,,Official data
QCL,Crops and livestock products,231,United States of America,5510,Production,236,Soybeans,2002,2002,tonnes,75010030,,Official data
QCL,Crops and livestock products,231,United States of America,5510,Production,236,Soybeans,2003,2003,tonnes,66782720,,Official data
QCL,Crops and livestock products,231,United States of America,5510,Production,236,Soybeans,2004,2004,tonnes,85015630,,Official data
QCL,Crops and livestock products,231,United States of America,5510,Production,236,Soybeans,2005,2005,tonnes,83506580,,Official data
QCL,Crops and livestock products,231,United States of America,5510,Production,236,Soybeans,2006,2006,tonnes,87000620,,Official data
QCL,Crops and livestock products,231,United States of America,5510,Production,236,Soybeans,2007,2007,tonnes,72859180,,Official data
QCL,Crops and livestock products,231,United States of America,5510,Production,236,Soybeans,2008,2008,tonnes,80748700,,Official data
QCL,Crops and livestock products,231,United States of America,5510,Production,236,Soybeans,2009,2009,tonnes,91469550,,Official data
QCL,Crops and livestock products,231,United States of America,5510,Production,236,Soybeans,2010,2010,tonnes,90663290,,Official data
QCL,Crops and livestock products,231,United States of America,5510,Production,236,Soybeans,2011,2011,tonnes,84291400,,Official data
QCL,Crops and livestock products,231,United States of America,5510,Production,236,Soybeans,2012,2012,tonnes,82790870,,Official data
QCL,Crops and livestock products,231,United States of America,5510,Production,236,Soybeans,2013,2013,tonnes,91389350,,Official data
QCL,Crops and livestock products,231,United States of America,5510,Production,236,Soybeans,2014,2014,tonnes,106877870,,Official data
QCL,Crops and livestock products,231,United States of America,5510,Production,236,Soybeans,2015,2015,tonnes,106953940,,Official data
QCL,Crops and livestock products,231,United States of America,5510,Production,236,Soybeans,2016,2016,tonnes,116931500,,Official data
QCL,Crops and livestock products,231,United States of America,5510,Production,236,Soybeans,2017,2017,tonnes,120064970,,Official data
QCL,Crops and livestock products,231,United States of America,5510,Production,236,Soybeans,2018,2018,tonnes,120514490,,Official data
QCL,Crops and livestock products,231,United States of America,5510,Production,236,Soybeans,2019,2019,tonnes,96667090,,Official data
QCL,Crops and livestock products,231,United States of America,5510,Production,236,Soybeans,2020,2020,tonnes,112549240,,Official data
QCL,Crops and livestock products,231,United States of America,5312,Area harvested,15,Wheat,2000,2000,ha,21474064,,Official data
QCL,Crops and livestock products,231,United States of America,5312,Area harvested,15,Wheat,2001,2001,ha,19616538,,Official data
QCL,Crops and livestock products,231,United States of America,5312,Area harvested,15,Wheat,2002,2002,ha,18544516,,Official data
QCL,Crops and livestock products,231,United States of America,5312,Area harvested,15,Wheat,2003,2003,ha,21474070,,Official data
QCL,Crops and livestock products,231,United States of America,5312,Area harvested,15,Wheat,2004,2004,ha,20221956,,Official data
QCL,Crops and livestock products,231,United States of America,5312,Area harvested,15,Wheat,2005,2005,ha,20276588,,Official data
QCL,Crops and livestock products,231,United States of America,5312,Area harvested,15,Wheat,2006,2006,ha,18939492,,Official data
QCL,Crops and livestock products,231,United States of America,5312,Area harvested,15,Wheat,2007,2007,ha,20638784,,Official data
QCL,Crops and livestock products,231,United States of America,5312,Area harvested,15,Wheat,2008,2008,ha,22540828,,Official data
QCL,Crops and livestock products,231,United States of America,5312,Area harvested,15,Wheat,2009,2009,ha,20191200,,Official data
QCL,Crops and livestock products,231,United States of America,5312,Area harvested,15,Wheat,2010,2010,ha,19270930,,Official data
QCL,Crops and livestock products,231,United States of America,5312,Area harvested,15,Wheat,2011,2011,ha,18496174,,Official data
QCL,Crops and livestock products,231,United States of America,5312,Area harvested,15,Wheat,2012,2012,ha,19797644,,Official data
QCL,Crops and livestock products,231,United States of America,5312,Area harvested,15,Wheat,2013,2013,ha,18345410,,Official data
QCL,Crops and livestock products,231,United States of America,5312,Area harvested,15,Wheat,2014,2014,ha,18771550,,Official data
QCL,Crops and livestock products,231,United States of America,5312,Area harvested,15,Wheat,2015,2015,ha,19058470,,Official data
QCL,Crops and livestock products,231,United States of America,5312,Area harvested,15,Wheat,2016,2016,ha,17744851,,Official data
QCL,Crops and livestock products,231,United States of America,5312,Area harvested,15,Wheat,2017,2017,ha,15198130,,Official data
QCL,Crops and livestock products,231,United States of America,5312,Area harvested,15,Wheat,2018,2018,ha,16030580,,Official data
QCL,Crops and livestock products,231,United States of America,5312,Area harvested,15,Wheat,2019,2019,ha,15132980,,Official data
QCL,Crops and livestock products,231,United States of America,5312,Area harvested,15,Wheat,2020,2020,ha,14870740,,Official data
QCL,Crops and livestock products,231,United States of America,5419,Yield,15,Wheat,2000,2000,hg/ha,28238,Fc,Calculated data
QCL,Crops and livestock products,231,United States of America,5419,Yield,15,Wheat,2001,2001,hg/ha,27018,Fc,Calculated data
QCL,Crops and livestock products,231,United States of America,5419,Yield,15,Wheat,2002,2002,hg/ha,23567,Fc,Calculated data
QCL,Crops and livestock products,231,United States of America,5419,Yield,15,Wheat,2003,2003,hg/ha,29712,Fc,Calculated data
QCL,Crops and livestock products,231,United States of America,5419,Yield,15,Wheat,2004,2004,hg/ha,29026,Fc,Calculated data
QCL,Crops and livestock products,231,United States of America,5419,Yield,15,Wheat,2005,2005,hg/ha,28231,Fc,Calculated data
QCL,Crops and livestock products,231,United States of America,5419,Yield,15,Wheat,2006,2006,hg/ha,25986,Fc,Calculated data
QCL,Crops and livestock products,231,United States of America,5419,Yield,15,Wheat,2007,2007,hg/ha,27046,Fc,Calculated data
QCL,Crops and livestock products,231,United States of America,5419,Yield,15,Wheat,2008,2008,hg/ha,30175,Fc,Calculated data
QCL,Crops and livestock products,231,United States of America,5419,Yield,15,Wheat,2009,2009,hg/ha,29897,Fc,Calculated data
QCL,Crops and livestock products,231,United States of America,5419,Yield,15,Wheat,2010,2010,hg/ha,31167,Fc,Calculated data
QCL,Crops and livestock products,231,United States of America,5419,Yield,15,Wheat,2011,2011,hg/ha,29422,Fc,Calculated data
QCL,Crops and livestock products,231,United States of America,5419,Yield,15,Wheat,2012,2012,hg/ha,31154,Fc,Calculated data
QCL,Crops and livestock products,231,United States of America,5419,Yield,15,Wheat,2013,2013,hg/ha,31673,Fc,Calculated data
QCL,Crops and livestock products,231,United States of America,5419,Yield,15,Wheat,2014,2014,hg/ha,29378,Fc,Calculated data
QCL,Crops and livestock products,231,United States of America,5419,Yield,15,Wheat,2015,2015,hg/ha,29299,Fc,Calculated data
QCL,Crops and livestock products,231,United States of America,5419,Yield,15,Wheat,2016,2016,hg/ha,35408,Fc,Calculated data
QCL,Crops and livestock products,231,United States of America,5419,Yield,15,Wheat,2017,2017,hg/ha,31175,Fc,Calculated data
QCL,Crops and livestock products,231,United States of America,5419,Yield,15,Wheat,2018,2018,hg/ha,32005,Fc,Calculated data
QCL,Crops and livestock products,231,United States of America,5419,Yield,15,Wheat,2019,2019,hg/ha,34746,Fc,Calculated data
QCL,Crops and livestock products,231,United States of America,5419,Yield,15,Wheat,2020,2020,hg/ha,33415,Fc,Calculated data
QCL,Crops and livestock products,231,United States of America,5510,Production,15,Wheat,2000,2000,tonnes,60639376,,Official data
QCL,Crops and livestock products,231,United States of America,5510,Production,15,Wheat,2001,2001,tonnes,52999932,,Official data
QCL,Crops and livestock products,231,United States of America,5510,Production,15,Wheat,2002,2002,tonnes,43703968,,Official data
QCL,Crops and livestock products,231,United States of America,5510,Production,15,Wheat,2003,2003,tonnes,63803256,,Official data
QCL,Crops and livestock products,231,United States of America,5510,Production,15,Wheat,2004,2004,tonnes,58697040,,Official data
QCL,Crops and livestock products,231,United States of America,5510,Production,15,Wheat,2005,2005,tonnes,57241992,,Official data
QCL,Crops and livestock products,231,United States of America,5510,Production,15,Wheat,2006,2006,tonnes,49216040,,Official data
QCL,Crops and livestock products,231,United States of America,5510,Production,15,Wheat,2007,2007,tonnes,55820360,,Official data
QCL,Crops and livestock products,231,United States of America,5510,Production,15,Wheat,2008,2008,tonnes,68016096,,Official data
QCL,Crops and livestock products,231,United States of America,5510,Production,15,Wheat,2009,2009,tonnes,60365728,,Official data
QCL,Crops and livestock products,231,United States of America,5510,Production,15,Wheat,2010,2010,tonnes,60062408,,Official data
QCL,Crops and livestock products,231,United States of America,5510,Production,15,Wheat,2011,2011,tonnes,54418808,,Official data
QCL,Crops and livestock products,231,United States of America,5510,Production,15,Wheat,2012,2012,tonnes,61677384,,Official data
QCL,Crops and livestock products,231,United States of America,5510,Production,15,Wheat,2013,2013,tonnes,58104610,,Official data
QCL,Crops and livestock products,231,United States of America,5510,Production,15,Wheat,2014,2014,tonnes,55147120,,Official data
QCL,Crops and livestock products,231,United States of America,5510,Production,15,Wheat,2015,2015,tonnes,55839540,,Official data
QCL,Crops and livestock products,231,United States of America,5510,Production,15,Wheat,2016,2016,tonnes,62831507,,Official data
QCL,Crops and livestock products,231,United States of America,5510,Production,15,Wheat,2017,2017,tonnes,47379810,,Official data
QCL,Crops and livestock products,231,United States of America,5510,Production,15,Wheat,2018,2018,tonnes,51305540,,Official data
QCL,Crops and livestock products,231,United States of America,5510,Production,15,Wheat,2019,2019,tonnes,52580890,,Official data
QCL,Crops and livestock products,231,United States of America,5510,Production,15,Wheat,2020,2020,tonnes,49690680,,Official data
