﻿Domain Code,Domain,Area Code (FAO),Area,Element Code,Element,Months Code,Months,Year Code,Year,Unit,Value,Flag,Flag Description
ET,Temperature change,231,United States of America,7271,Temperature change,7001,January,2000,2000,°C,1.541,Fc,Calculated data
ET,Temperature change,231,United States of America,7271,Temperature change,7001,January,2001,2001,°C,2.062,Fc,Calculated data
ET,Temperature change,231,United States of America,7271,Temperature change,7001,January,2002,2002,°C,2.798,Fc,Calculated data
ET,Temperature change,231,United States of America,7271,Temperature change,7001,January,2003,2003,°C,2.185,Fc,Calculated data
ET,Temperature change,231,United States of America,7271,Temperature change,7001,January,2004,2004,°C,0.122,Fc,Calculated data
ET,Temperature change,231,United States of America,7271,Temperature change,7001,January,2005,2005,°C,2.186,Fc,Calculated data
ET,Temperature change,231,United States of America,7271,Temperature change,7001,January,2006,2006,°C,3.558,Fc,Calculated data
ET,Temperature change,231,United States of America,7271,Temperature change,7001,January,2007,2007,°C,1.189,Fc,Calculated data
ET,Temperature change,231,United States of America,7271,Temperature change,7001,January,2008,2008,°C,0.223,Fc,Calculated data
ET,Temperature change,231,United States of America,7271,Temperature change,7001,January,2009,2009,°C,0.445,Fc,Calculated data
ET,Temperature change,231,United States of America,7271,Temperature change,7001,January,2010,2010,°C,0.537,Fc,Calculated data
ET,Temperature change,231,United States of America,7271,Temperature change,7001,January,2011,2011,°C,0.637,Fc,Calculated data
ET,Temperature change,231,United States of America,7271,Temperature change,7001,January,2012,2012,°C,1.566,Fc,Calculated data
ET,Temperature change,231,United States of America,7271,Temperature change,7001,January,2013,2013,°C,2.093,Fc,Calculated data
ET,Temperature change,231,United States of America,7271,Temperature change,7001,January,2014,2014,°C,1.979,Fc,Calculated data
ET,Temperature change,231,United States of America,7271,Temperature change,7001,January,2015,2015,°C,2.062,Fc,Calculated data
ET,Temperature change,231,United States of America,7271,Temperature change,7001,January,2016,2016,°C,2.718,Fc,Calculated data
ET,Temperature change,231,United States of America,7271,Temperature change,7001,January,2017,2017,°C,2.173,Fc,Calculated data
ET,Temperature change,231,United States of America,7271,Temperature change,7001,January,2018,2018,°C,1.647,Fc,Calculated data
ET,Temperature change,231,United States of America,7271,Temperature change,7001,January,2019,2019,°C,1.91,Fc,Calculated data
ET,Temperature change,231,United States of America,7271,Temperature change,7001,January,2020,2020,°C,1.965,Fc,Calculated data
ET,Temperature change,231,United States of America,6078,Standard Deviation,7001,January,2000,2000,°C,1.059,Fc,Calculated data
ET,Temperature change,231,United States of America,6078,Standard Deviation,7001,January,2001,2001,°C,1.059,Fc,Calculated data
ET,Temperature change,231,United States of America,6078,Standard Deviation,7001,January,2002,2002,°C,1.059,Fc,Calculated data
ET,Temperature change,231,United States of America,6078,Standard Deviation,7001,January,2003,2003,°C,1.059,Fc,Calculated data
ET,Temperature change,231,United States of America,6078,Standard Deviation,7001,January,2004,2004,°C,1.059,Fc,Calculated data
ET,Temperature change,231,United States of America,6078,Standard Deviation,7001,January,2005,2005,°C,1.059,Fc,Calculated data
ET,Temperature change,231,United States of America,6078,Standard Deviation,7001,January,2006,2006,°C,1.059,Fc,Calculated data
ET,Temperature change,231,United States of America,6078,Standard Deviation,7001,January,2007,2007,°C,1.059,Fc,Calculated data
ET,Temperature change,231,United States of America,6078,Standard Deviation,7001,January,2008,2008,°C,1.059,Fc,Calculated data
ET,Temperature change,231,United States of America,6078,Standard Deviation,7001,January,2009,2009,°C,1.059,Fc,Calculated data
ET,Temperature change,231,United States of America,6078,Standard Deviation,7001,January,2010,2010,°C,1.059,Fc,Calculated data
ET,Temperature change,231,United States of America,6078,Standard Deviation,7001,January,2011,2011,°C,1.059,Fc,Calculated data
ET,Temperature change,231,United States of America,6078,Standard Deviation,7001,January,2012,2012,°C,1.059,Fc,Calculated data
ET,Temperature change,231,United States of America,6078,Standard Deviation,7001,January,2013,2013,°C,1.059,Fc,Calculated data
ET,Temperature change,231,United States of America,6078,Standard Deviation,7001,January,2014,2014,°C,1.059,Fc,Calculated data
ET,Temperature change,231,United States of America,6078,Standard Deviation,7001,January,2015,2015,°C,1.059,Fc,Calculated data
ET,Temperature change,231,United States of America,6078,Standard Deviation,7001,January,2016,2016,°C,1.059,Fc,Calculated data
ET,Temperature change,231,United States of America,6078,Standard Deviation,7001,January,2017,2017,°C,1.059,Fc,Calculated data
ET,Temperature change,231,United States of America,6078,Standard Deviation,7001,January,2018,2018,°C,1.059,Fc,Calculated data
ET,Temperature change,231,United States of America,6078,Standard Deviation,7001,January,2019,2019,°C,1.059,Fc,Calculated data
ET,Temperature change,231,United States of America,6078,Standard Deviation,7001,January,2020,2020,°C,1.059,Fc,Calculated data
ET,Temperature change,231,United States of America,7271,Temperature change,7002,February,2000,2000,°C,3.749,Fc,Calculated data
ET,Temperature change,231,United States of America,7271,Temperature change,7002,February,2001,2001,°C,1.188,Fc,Calculated data
ET,Temperature change,231,United States of America,7271,Temperature change,7002,February,2002,2002,°C,1.601,Fc,Calculated data
ET,Temperature change,231,United States of America,7271,Temperature change,7002,February,2003,2003,°C,0.663,Fc,Calculated data
ET,Temperature change,231,United States of America,7271,Temperature change,7002,February,2004,2004,°C,0.506,Fc,Calculated data
ET,Temperature change,231,United States of America,7271,Temperature change,7002,February,2005,2005,°C,2.189,Fc,Calculated data
ET,Temperature change,231,United States of America,7271,Temperature change,7002,February,2006,2006,°C,1.271,Fc,Calculated data
ET,Temperature change,231,United States of America,7271,Temperature change,7002,February,2007,2007,°C,-0.399,Fc,Calculated data
ET,Temperature change,231,United States of America,7271,Temperature change,7002,February,2008,2008,°C,0.187,Fc,Calculated data
ET,Temperature change,231,United States of America,7271,Temperature change,7002,February,2009,2009,°C,1.364,Fc,Calculated data
ET,Temperature change,231,United States of America,7271,Temperature change,7002,February,2010,2010,°C,-0.191,Fc,Calculated data
ET,Temperature change,231,United States of America,7271,Temperature change,7002,February,2011,2011,°C,-0.05,Fc,Calculated data
ET,Temperature change,231,United States of America,7271,Temperature change,7002,February,2012,2012,°C,2.45,Fc,Calculated data
ET,Temperature change,231,United States of America,7271,Temperature change,7002,February,2013,2013,°C,0.68,Fc,Calculated data
ET,Temperature change,231,United States of America,7271,Temperature change,7002,February,2014,2014,°C,-0.307,Fc,Calculated data
ET,Temperature change,231,United States of America,7271,Temperature change,7002,February,2015,2015,°C,0.408,Fc,Calculated data
ET,Temperature change,231,United States of America,7271,Temperature change,7002,February,2016,2016,°C,3.828,Fc,Calculated data
ET,Temperature change,231,United States of America,7271,Temperature change,7002,February,2017,2017,°C,3.554,Fc,Calculated data
ET,Temperature change,231,United States of America,7271,Temperature change,7002,February,2018,2018,°C,1.798,Fc,Calculated data
ET,Temperature change,231,United States of America,7271,Temperature change,7002,February,2019,2019,°C,0.401,Fc,Calculated data
ET,Temperature change,231,United States of America,7271,Temperature change,7002,February,2020,2020,°C,0.869,Fc,Calculated data
ET,Temperature change,231,United States of America,6078,Standard Deviation,7002,February,2000,2000,°C,1.338,Fc,Calculated data
ET,Temperature change,231,United States of America,6078,Standard Deviation,7002,February,2001,2001,°C,1.338,Fc,Calculated data
ET,Temperature change,231,United States of America,6078,Standard Deviation,7002,February,2002,2002,°C,1.338,Fc,Calculated data
ET,Temperature change,231,United States of America,6078,Standard Deviation,7002,February,2003,2003,°C,1.338,Fc,Calculated data
ET,Temperature change,231,United States of America,6078,Standard Deviation,7002,February,2004,2004,°C,1.338,Fc,Calculated data
ET,Temperature change,231,United States of America,6078,Standard Deviation,7002,February,2005,2005,°C,1.338,Fc,Calculated data
ET,Temperature change,231,United States of America,6078,Standard Deviation,7002,February,2006,2006,°C,1.338,Fc,Calculated data
ET,Temperature change,231,United States of America,6078,Standard Deviation,7002,February,2007,2007,°C,1.338,Fc,Calculated data
ET,Temperature change,231,United States of America,6078,Standard Deviation,7002,February,2008,2008,°C,1.338,Fc,Calculated data
ET,Temperature change,231,United States of America,6078,Standard Deviation,7002,February,2009,2009,°C,1.338,Fc,Calculated data
ET,Temperature change,231,United States of America,6078,Standard Deviation,7002,February,2010,2010,°C,1.338,Fc,Calculated data
ET,Temperature change,231,United States of America,6078,Standard Deviation,7002,February,2011,2011,°C,1.338,Fc,Calculated data
ET,Temperature change,231,United States of America,6078,Standard Deviation,7002,February,2012,2012,°C,1.338,Fc,Calculated data
ET,Temperature change,231,United States of America,6078,Standard Deviation,7002,February,2013,2013,°C,1.338,Fc,Calculated data
ET,Temperature change,231,United States of America,6078,Standard Deviation,7002,February,2014,2014,°C,1.338,Fc,Calculated data
ET,Temperature change,231,United States of America,6078,Standard Deviation,7002,February,2015,2015,°C,1.338,Fc,Calculated data
ET,Temperature change,231,United States of America,6078,Standard Deviation,7002,February,2016,2016,°C,1.338,Fc,Calculated data
ET,Temperature change,231,United States of America,6078,Standard Deviation,7002,February,2017,2017,°C,1.338,Fc,Calculated data
ET,Temperature change,231,United States of America,6078,Standard Deviation,7002,February,2018,2018,°C,1.338,Fc,Calculated data
ET,Temperature change,231,United States of America,6078,Standard Deviation,7002,February,2019,2019,°C,1.338,Fc,Calculated data
ET,Temperature change,231,United States of America,6078,Standard Deviation,7002,February,2020,2020,°C,1.338,Fc,Calculated data
ET,Temperature change,231,United States of America,7271,Temperature change,7003,March,2000,2000,°C,3.041,Fc,Calculated data
ET,Temperature change,231,United States of America,7271,Temperature change,7003,March,2001,2001,°C,0.495,Fc,Calculated data
ET,Temperature change,231,United States of America,7271,Temperature change,7003,March,2002,2002,°C,0.073,Fc,Calculated data
ET,Temperature change,231,United States of America,7271,Temperature change,7003,March,2003,2003,°C,1.207,Fc,Calculated data
ET,Temperature change,231,United States of America,7271,Temperature change,7003,March,2004,2004,°C,2.915,Fc,Calculated data
ET,Temperature change,231,United States of America,7271,Temperature change,7003,March,2005,2005,°C,1.455,Fc,Calculated data
ET,Temperature change,231,United States of America,7271,Temperature change,7003,March,2006,2006,°C,0.625,Fc,Calculated data
ET,Temperature change,231,United States of America,7271,Temperature change,7003,March,2007,2007,°C,2.016,Fc,Calculated data
ET,Temperature change,231,United States of America,7271,Temperature change,7003,March,2008,2008,°C,0.696,Fc,Calculated data
ET,Temperature change,231,United States of America,7271,Temperature change,7003,March,2009,2009,°C,0.683,Fc,Calculated data
ET,Temperature change,231,United States of America,7271,Temperature change,7003,March,2010,2010,°C,1.225,Fc,Calculated data
ET,Temperature change,231,United States of America,7271,Temperature change,7003,March,2011,2011,°C,1.262,Fc,Calculated data
ET,Temperature change,231,United States of America,7271,Temperature change,7003,March,2012,2012,°C,3.697,Fc,Calculated data
ET,Temperature change,231,United States of America,7271,Temperature change,7003,March,2013,2013,°C,0.187,Fc,Calculated data
ET,Temperature change,231,United States of America,7271,Temperature change,7003,March,2014,2014,°C,0.273,Fc,Calculated data
ET,Temperature change,231,United States of America,7271,Temperature change,7003,March,2015,2015,°C,2.556,Fc,Calculated data
ET,Temperature change,231,United States of America,7271,Temperature change,7003,March,2016,2016,°C,3.813,Fc,Calculated data
ET,Temperature change,231,United States of America,7271,Temperature change,7003,March,2017,2017,°C,1.87,Fc,Calculated data
ET,Temperature change,231,United States of America,7271,Temperature change,7003,March,2018,2018,°C,1.675,Fc,Calculated data
ET,Temperature change,231,United States of America,7271,Temperature change,7003,March,2019,2019,°C,1.443,Fc,Calculated data
ET,Temperature change,231,United States of America,7271,Temperature change,7003,March,2020,2020,°C,2.584,Fc,Calculated data
ET,Temperature change,231,United States of America,6078,Standard Deviation,7003,March,2000,2000,°C,1.107,Fc,Calculated data
ET,Temperature change,231,United States of America,6078,Standard Deviation,7003,March,2001,2001,°C,1.107,Fc,Calculated data
ET,Temperature change,231,United States of America,6078,Standard Deviation,7003,March,2002,2002,°C,1.107,Fc,Calculated data
ET,Temperature change,231,United States of America,6078,Standard Deviation,7003,March,2003,2003,°C,1.107,Fc,Calculated data
ET,Temperature change,231,United States of America,6078,Standard Deviation,7003,March,2004,2004,°C,1.107,Fc,Calculated data
ET,Temperature change,231,United States of America,6078,Standard Deviation,7003,March,2005,2005,°C,1.107,Fc,Calculated data
ET,Temperature change,231,United States of America,6078,Standard Deviation,7003,March,2006,2006,°C,1.107,Fc,Calculated data
ET,Temperature change,231,United States of America,6078,Standard Deviation,7003,March,2007,2007,°C,1.107,Fc,Calculated data
ET,Temperature change,231,United States of America,6078,Standard Deviation,7003,March,2008,2008,°C,1.107,Fc,Calculated data
ET,Temperature change,231,United States of America,6078,Standard Deviation,7003,March,2009,2009,°C,1.107,Fc,Calculated data
ET,Temperature change,231,United States of America,6078,Standard Deviation,7003,March,2010,2010,°C,1.107,Fc,Calculated data
ET,Temperature change,231,United States of America,6078,Standard Deviation,7003,March,2011,2011,°C,1.107,Fc,Calculated data
ET,Temperature change,231,United States of America,6078,Standard Deviation,7003,March,2012,2012,°C,1.107,Fc,Calculated data
ET,Temperature change,231,United States of America,6078,Standard Deviation,7003,March,2013,2013,°C,1.107,Fc,Calculated data
ET,Temperature change,231,United States of America,6078,Standard Deviation,7003,March,2014,2014,°C,1.107,Fc,Calculated data
ET,Temperature change,231,United States of America,6078,Standard Deviation,7003,March,2015,2015,°C,1.107,Fc,Calculated data
ET,Temperature change,231,United States of America,6078,Standard Deviation,7003,March,2016,2016,°C,1.107,Fc,Calculated data
ET,Temperature change,231,United States of America,6078,Standard Deviation,7003,March,2017,2017,°C,1.107,Fc,Calculated data
ET,Temperature change,231,United States of America,6078,Standard Deviation,7003,March,2018,2018,°C,1.107,Fc,Calculated data
ET,Temperature change,231,United States of America,6078,Standard Deviation,7003,March,2019,2019,°C,1.107,Fc,Calculated data
ET,Temperature change,231,United States of America,6078,Standard Deviation,7003,March,2020,2020,°C,1.107,Fc,Calculated data
ET,Temperature change,231,United States of America,7271,Temperature change,7004,April,2000,2000,°C,0.863,Fc,Calculated data
ET,Temperature change,231,United States of America,7271,Temperature change,7004,April,2001,2001,°C,1.213,Fc,Calculated data
ET,Temperature change,231,United States of America,7271,Temperature change,7004,April,2002,2002,°C,1.072,Fc,Calculated data
ET,Temperature change,231,United States of America,7271,Temperature change,7004,April,2003,2003,°C,0.884,Fc,Calculated data
ET,Temperature change,231,United States of America,7271,Temperature change,7004,April,2004,2004,°C,1.316,Fc,Calculated data
ET,Temperature change,231,United States of America,7271,Temperature change,7004,April,2005,2005,°C,0.757,Fc,Calculated data
ET,Temperature change,231,United States of America,7271,Temperature change,7004,April,2006,2006,°C,1.71,Fc,Calculated data
ET,Temperature change,231,United States of America,7271,Temperature change,7004,April,2007,2007,°C,0.477,Fc,Calculated data
ET,Temperature change,231,United States of America,7271,Temperature change,7004,April,2008,2008,°C,-0.13,Fc,Calculated data
ET,Temperature change,231,United States of America,7271,Temperature change,7004,April,2009,2009,°C,0.136,Fc,Calculated data
ET,Temperature change,231,United States of America,7271,Temperature change,7004,April,2010,2010,°C,1.427,Fc,Calculated data
ET,Temperature change,231,United States of America,7271,Temperature change,7004,April,2011,2011,°C,0.558,Fc,Calculated data
ET,Temperature change,231,United States of America,7271,Temperature change,7004,April,2012,2012,°C,2.059,Fc,Calculated data
ET,Temperature change,231,United States of America,7271,Temperature change,7004,April,2013,2013,°C,-0.997,Fc,Calculated data
ET,Temperature change,231,United States of America,7271,Temperature change,7004,April,2014,2014,°C,0.804,Fc,Calculated data
ET,Temperature change,231,United States of America,7271,Temperature change,7004,April,2015,2015,°C,1.559,Fc,Calculated data
ET,Temperature change,231,United States of America,7271,Temperature change,7004,April,2016,2016,°C,2.034,Fc,Calculated data
ET,Temperature change,231,United States of America,7271,Temperature change,7004,April,2017,2017,°C,2.007,Fc,Calculated data
ET,Temperature change,231,United States of America,7271,Temperature change,7004,April,2018,2018,°C,-0.38,Fc,Calculated data
ET,Temperature change,231,United States of America,7271,Temperature change,7004,April,2019,2019,°C,1.439,Fc,Calculated data
ET,Temperature change,231,United States of America,7271,Temperature change,7004,April,2020,2020,°C,0.488,Fc,Calculated data
ET,Temperature change,231,United States of America,6078,Standard Deviation,7004,April,2000,2000,°C,0.723,Fc,Calculated data
ET,Temperature change,231,United States of America,6078,Standard Deviation,7004,April,2001,2001,°C,0.723,Fc,Calculated data
ET,Temperature change,231,United States of America,6078,Standard Deviation,7004,April,2002,2002,°C,0.723,Fc,Calculated data
ET,Temperature change,231,United States of America,6078,Standard Deviation,7004,April,2003,2003,°C,0.723,Fc,Calculated data
ET,Temperature change,231,United States of America,6078,Standard Deviation,7004,April,2004,2004,°C,0.723,Fc,Calculated data
ET,Temperature change,231,United States of America,6078,Standard Deviation,7004,April,2005,2005,°C,0.723,Fc,Calculated data
ET,Temperature change,231,United States of America,6078,Standard Deviation,7004,April,2006,2006,°C,0.723,Fc,Calculated data
ET,Temperature change,231,United States of America,6078,Standard Deviation,7004,April,2007,2007,°C,0.723,Fc,Calculated data
ET,Temperature change,231,United States of America,6078,Standard Deviation,7004,April,2008,2008,°C,0.723,Fc,Calculated data
ET,Temperature change,231,United States of America,6078,Standard Deviation,7004,April,2009,2009,°C,0.723,Fc,Calculated data
ET,Temperature change,231,United States of America,6078,Standard Deviation,7004,April,2010,2010,°C,0.723,Fc,Calculated data
ET,Temperature change,231,United States of America,6078,Standard Deviation,7004,April,2011,2011,°C,0.723,Fc,Calculated data
ET,Temperature change,231,United States of America,6078,Standard Deviation,7004,April,2012,2012,°C,0.723,Fc,Calculated data
ET,Temperature change,231,United States of America,6078,Standard Deviation,7004,April,2013,2013,°C,0.723,Fc,Calculated data
ET,Temperature change,231,United States of America,6078,Standard Deviation,7004,April,2014,2014,°C,0.723,Fc,Calculated data
ET,Temperature change,231,United States of America,6078,Standard Deviation,7004,April,2015,2015,°C,0.723,Fc,Calculated data
ET,Temperature change,231,United States of America,6078,Standard Deviation,7004,April,2016,2016,°C,0.723,Fc,Calculated data
ET,Temperature change,231,United States of America,6078,Standard Deviation,7004,April,2017,2017,°C,0.723,Fc,Calculated data
ET,Temperature change,231,United States of America,6078,Standard Deviation,7004,April,2018,2018,°C,0.723,Fc,Calculated data
ET,Temperature change,231,United States of America,6078,Standard Deviation,7004,April,2019,2019,°C,0.723,Fc,Calculated data
ET,Temperature change,231,United States of America,6078,Standard Deviation,7004,April,2020,2020,°C,0.723,Fc,Calculated data
ET,Temperature change,231,United States of America,7271,Temperature change,7005,May,2000,2000,°C,1.118,Fc,Calculated data
ET,Temperature change,231,United States of America,7271,Temperature change,7005,May,2001,2001,°C,0.724,Fc,Calculated data
ET,Temperature change,231,United States of America,7271,Temperature change,7005,May,2002,2002,°C,-0.018,Fc,Calculated data
ET,Temperature change,231,United States of America,7271,Temperature change,7005,May,2003,2003,°C,0.507,Fc,Calculated data
ET,Temperature change,231,United States of America,7271,Temperature change,7005,May,2004,2004,°C,1.334,Fc,Calculated data
ET,Temperature change,231,United States of America,7271,Temperature change,7005,May,2005,2005,°C,0.322,Fc,Calculated data
ET,Temperature change,231,United States of America,7271,Temperature change,7005,May,2006,2006,°C,1.166,Fc,Calculated data
ET,Temperature change,231,United States of America,7271,Temperature change,7005,May,2007,2007,°C,1.105,Fc,Calculated data
ET,Temperature change,231,United States of America,7271,Temperature change,7005,May,2008,2008,°C,-0.171,Fc,Calculated data
ET,Temperature change,231,United States of America,7271,Temperature change,7005,May,2009,2009,°C,0.952,Fc,Calculated data
ET,Temperature change,231,United States of America,7271,Temperature change,7005,May,2010,2010,°C,0.34,Fc,Calculated data
ET,Temperature change,231,United States of America,7271,Temperature change,7005,May,2011,2011,°C,-0.112,Fc,Calculated data
ET,Temperature change,231,United States of America,7271,Temperature change,7005,May,2012,2012,°C,1.428,Fc,Calculated data
ET,Temperature change,231,United States of America,7271,Temperature change,7005,May,2013,2013,°C,0.157,Fc,Calculated data
ET,Temperature change,231,United States of America,7271,Temperature change,7005,May,2014,2014,°C,0.964,Fc,Calculated data
ET,Temperature change,231,United States of America,7271,Temperature change,7005,May,2015,2015,°C,1.073,Fc,Calculated data
ET,Temperature change,231,United States of America,7271,Temperature change,7005,May,2016,2016,°C,0.816,Fc,Calculated data
ET,Temperature change,231,United States of America,7271,Temperature change,7005,May,2017,2017,°C,0.552,Fc,Calculated data
ET,Temperature change,231,United States of America,7271,Temperature change,7005,May,2018,2018,°C,2.572,Fc,Calculated data
ET,Temperature change,231,United States of America,7271,Temperature change,7005,May,2019,2019,°C,0.338,Fc,Calculated data
ET,Temperature change,231,United States of America,7271,Temperature change,7005,May,2020,2020,°C,0.928,Fc,Calculated data
ET,Temperature change,231,United States of America,6078,Standard Deviation,7005,May,2000,2000,°C,0.53,Fc,Calculated data
ET,Temperature change,231,United States of America,6078,Standard Deviation,7005,May,2001,2001,°C,0.53,Fc,Calculated data
ET,Temperature change,231,United States of America,6078,Standard Deviation,7005,May,2002,2002,°C,0.53,Fc,Calculated data
ET,Temperature change,231,United States of America,6078,Standard Deviation,7005,May,2003,2003,°C,0.53,Fc,Calculated data
ET,Temperature change,231,United States of America,6078,Standard Deviation,7005,May,2004,2004,°C,0.53,Fc,Calculated data
ET,Temperature change,231,United States of America,6078,Standard Deviation,7005,May,2005,2005,°C,0.53,Fc,Calculated data
ET,Temperature change,231,United States of America,6078,Standard Deviation,7005,May,2006,2006,°C,0.53,Fc,Calculated data
ET,Temperature change,231,United States of America,6078,Standard Deviation,7005,May,2007,2007,°C,0.53,Fc,Calculated data
ET,Temperature change,231,United States of America,6078,Standard Deviation,7005,May,2008,2008,°C,0.53,Fc,Calculated data
ET,Temperature change,231,United States of America,6078,Standard Deviation,7005,May,2009,2009,°C,0.53,Fc,Calculated data
ET,Temperature change,231,United States of America,6078,Standard Deviation,7005,May,2010,2010,°C,0.53,Fc,Calculated data
ET,Temperature change,231,United States of America,6078,Standard Deviation,7005,May,2011,2011,°C,0.53,Fc,Calculated data
ET,Temperature change,231,United States of America,6078,Standard Deviation,7005,May,2012,2012,°C,0.53,Fc,Calculated data
ET,Temperature change,231,United States of America,6078,Standard Deviation,7005,May,2013,2013,°C,0.53,Fc,Calculated data
ET,Temperature change,231,United States of America,6078,Standard Deviation,7005,May,2014,2014,°C,0.53,Fc,Calculated data
ET,Temperature change,231,United States of America,6078,Standard Deviation,7005,May,2015,2015,°C,0.53,Fc,Calculated data
ET,Temperature change,231,United States of America,6078,Standard Deviation,7005,May,2016,2016,°C,0.53,Fc,Calculated data
ET,Temperature change,231,United States of America,6078,Standard Deviation,7005,May,2017,2017,°C,0.53,Fc,Calculated data
ET,Temperature change,231,United States of America,6078,Standard Deviation,7005,May,2018,2018,°C,0.53,Fc,Calculated data
ET,Temperature change,231,United States of America,6078,Standard Deviation,7005,May,2019,2019,°C,0.53,Fc,Calculated data
ET,Temperature change,231,United States of America,6078,Standard Deviation,7005,May,2020,2020,°C,0.53,Fc,Calculated data
ET,Temperature change,231,United States of America,7271,Temperature change,7006,June,2000,2000,°C,0.503,Fc,Calculated data
ET,Temperature change,231,United States of America,7271,Temperature change,7006,June,2001,2001,°C,0.57,Fc,Calculated data
ET,Temperature change,231,United States of America,7271,Temperature change,7006,June,2002,2002,°C,1.175,Fc,Calculated data
ET,Temperature change,231,United States of America,7271,Temperature change,7006,June,2003,2003,°C,0.085,Fc,Calculated data
ET,Temperature change,231,United States of America,7271,Temperature change,7006,June,2004,2004,°C,0.468,Fc,Calculated data
ET,Temperature change,231,United States of America,7271,Temperature change,7006,June,2005,2005,°C,0.725,Fc,Calculated data
ET,Temperature change,231,United States of America,7271,Temperature change,7006,June,2006,2006,°C,1.072,Fc,Calculated data
ET,Temperature change,231,United States of America,7271,Temperature change,7006,June,2007,2007,°C,0.872,Fc,Calculated data
ET,Temperature change,231,United States of America,7271,Temperature change,7006,June,2008,2008,°C,0.575,Fc,Calculated data
ET,Temperature change,231,United States of America,7271,Temperature change,7006,June,2009,2009,°C,0.163,Fc,Calculated data
ET,Temperature change,231,United States of America,7271,Temperature change,7006,June,2010,2010,°C,1.016,Fc,Calculated data
ET,Temperature change,231,United States of America,7271,Temperature change,7006,June,2011,2011,°C,0.718,Fc,Calculated data
ET,Temperature change,231,United States of America,7271,Temperature change,7006,June,2012,2012,°C,1.083,Fc,Calculated data
ET,Temperature change,231,United States of America,7271,Temperature change,7006,June,2013,2013,°C,1.388,Fc,Calculated data
ET,Temperature change,231,United States of America,7271,Temperature change,7006,June,2014,2014,°C,0.491,Fc,Calculated data
ET,Temperature change,231,United States of America,7271,Temperature change,7006,June,2015,2015,°C,1.668,Fc,Calculated data
ET,Temperature change,231,United States of America,7271,Temperature change,7006,June,2016,2016,°C,1.809,Fc,Calculated data
ET,Temperature change,231,United States of America,7271,Temperature change,7006,June,2017,2017,°C,1.131,Fc,Calculated data
ET,Temperature change,231,United States of America,7271,Temperature change,7006,June,2018,2018,°C,1.51,Fc,Calculated data
ET,Temperature change,231,United States of America,7271,Temperature change,7006,June,2019,2019,°C,0.707,Fc,Calculated data
ET,Temperature change,231,United States of America,7271,Temperature change,7006,June,2020,2020,°C,1.023,Fc,Calculated data
ET,Temperature change,231,United States of America,6078,Standard Deviation,7006,June,2000,2000,°C,0.522,Fc,Calculated data
ET,Temperature change,231,United States of America,6078,Standard Deviation,7006,June,2001,2001,°C,0.522,Fc,Calculated data
ET,Temperature change,231,United States of America,6078,Standard Deviation,7006,June,2002,2002,°C,0.522,Fc,Calculated data
ET,Temperature change,231,United States of America,6078,Standard Deviation,7006,June,2003,2003,°C,0.522,Fc,Calculated data
ET,Temperature change,231,United States of America,6078,Standard Deviation,7006,June,2004,2004,°C,0.522,Fc,Calculated data
ET,Temperature change,231,United States of America,6078,Standard Deviation,7006,June,2005,2005,°C,0.522,Fc,Calculated data
ET,Temperature change,231,United States of America,6078,Standard Deviation,7006,June,2006,2006,°C,0.522,Fc,Calculated data
ET,Temperature change,231,United States of America,6078,Standard Deviation,7006,June,2007,2007,°C,0.522,Fc,Calculated data
ET,Temperature change,231,United States of America,6078,Standard Deviation,7006,June,2008,2008,°C,0.522,Fc,Calculated data
ET,Temperature change,231,United States of America,6078,Standard Deviation,7006,June,2009,2009,°C,0.522,Fc,Calculated data
ET,Temperature change,231,United States of America,6078,Standard Deviation,7006,June,2010,2010,°C,0.522,Fc,Calculated data
ET,Temperature change,231,United States of America,6078,Standard Deviation,7006,June,2011,2011,°C,0.522,Fc,Calculated data
ET,Temperature change,231,United States of America,6078,Standard Deviation,7006,June,2012,2012,°C,0.522,Fc,Calculated data
ET,Temperature change,231,United States of America,6078,Standard Deviation,7006,June,2013,2013,°C,0.522,Fc,Calculated data
ET,Temperature change,231,United States of America,6078,Standard Deviation,7006,June,2014,2014,°C,0.522,Fc,Calculated data
ET,Temperature change,231,United States of America,6078,Standard Deviation,7006,June,2015,2015,°C,0.522,Fc,Calculated data
ET,Temperature change,231,United States of America,6078,Standard Deviation,7006,June,2016,2016,°C,0.522,Fc,Calculated data
ET,Temperature change,231,United States of America,6078,Standard Deviation,7006,June,2017,2017,°C,0.522,Fc,Calculated data
ET,Temperature change,231,United States of America,6078,Standard Deviation,7006,June,2018,2018,°C,0.522,Fc,Calculated data
ET,Temperature change,231,United States of America,6078,Standard Deviation,7006,June,2019,2019,°C,0.522,Fc,Calculated data
ET,Temperature change,231,United States of America,6078,Standard Deviation,7006,June,2020,2020,°C,0.522,Fc,Calculated data
ET,Temperature change,231,United States of America,7271,Temperature change,7007,July,2000,2000,°C,0.039,Fc,Calculated data
ET,Temperature change,231,United States of America,7271,Temperature change,7007,July,2001,2001,°C,0.318,Fc,Calculated data
ET,Temperature change,231,United States of America,7271,Temperature change,7007,July,2002,2002,°C,1.083,Fc,Calculated data
ET,Temperature change,231,United States of America,7271,Temperature change,7007,July,2003,2003,°C,0.922,Fc,Calculated data
ET,Temperature change,231,United States of America,7271,Temperature change,7007,July,2004,2004,°C,0.191,Fc,Calculated data
ET,Temperature change,231,United States of America,7271,Temperature change,7007,July,2005,2005,°C,0.943,Fc,Calculated data
ET,Temperature change,231,United States of America,7271,Temperature change,7007,July,2006,2006,°C,1.311,Fc,Calculated data
ET,Temperature change,231,United States of America,7271,Temperature change,7007,July,2007,2007,°C,0.775,Fc,Calculated data
ET,Temperature change,231,United States of America,7271,Temperature change,7007,July,2008,2008,°C,0.105,Fc,Calculated data
ET,Temperature change,231,United States of America,7271,Temperature change,7007,July,2009,2009,°C,-0.044,Fc,Calculated data
ET,Temperature change,231,United States of America,7271,Temperature change,7007,July,2010,2010,°C,0.517,Fc,Calculated data
ET,Temperature change,231,United States of America,7271,Temperature change,7007,July,2011,2011,°C,1.104,Fc,Calculated data
ET,Temperature change,231,United States of America,7271,Temperature change,7007,July,2012,2012,°C,1.349,Fc,Calculated data
ET,Temperature change,231,United States of America,7271,Temperature change,7007,July,2013,2013,°C,0.555,Fc,Calculated data
ET,Temperature change,231,United States of America,7271,Temperature change,7007,July,2014,2014,°C,-0.092,Fc,Calculated data
ET,Temperature change,231,United States of America,7271,Temperature change,7007,July,2015,2015,°C,0.4,Fc,Calculated data
ET,Temperature change,231,United States of America,7271,Temperature change,7007,July,2016,2016,°C,1.104,Fc,Calculated data
ET,Temperature change,231,United States of America,7271,Temperature change,7007,July,2017,2017,°C,1.287,Fc,Calculated data
ET,Temperature change,231,United States of America,7271,Temperature change,7007,July,2018,2018,°C,1.19,Fc,Calculated data
ET,Temperature change,231,United States of America,7271,Temperature change,7007,July,2019,2019,°C,1.075,Fc,Calculated data
ET,Temperature change,231,United States of America,7271,Temperature change,7007,July,2020,2020,°C,1.049,Fc,Calculated data
ET,Temperature change,231,United States of America,6078,Standard Deviation,7007,July,2000,2000,°C,0.387,Fc,Calculated data
ET,Temperature change,231,United States of America,6078,Standard Deviation,7007,July,2001,2001,°C,0.387,Fc,Calculated data
ET,Temperature change,231,United States of America,6078,Standard Deviation,7007,July,2002,2002,°C,0.387,Fc,Calculated data
ET,Temperature change,231,United States of America,6078,Standard Deviation,7007,July,2003,2003,°C,0.387,Fc,Calculated data
ET,Temperature change,231,United States of America,6078,Standard Deviation,7007,July,2004,2004,°C,0.387,Fc,Calculated data
ET,Temperature change,231,United States of America,6078,Standard Deviation,7007,July,2005,2005,°C,0.387,Fc,Calculated data
ET,Temperature change,231,United States of America,6078,Standard Deviation,7007,July,2006,2006,°C,0.387,Fc,Calculated data
ET,Temperature change,231,United States of America,6078,Standard Deviation,7007,July,2007,2007,°C,0.387,Fc,Calculated data
ET,Temperature change,231,United States of America,6078,Standard Deviation,7007,July,2008,2008,°C,0.387,Fc,Calculated data
ET,Temperature change,231,United States of America,6078,Standard Deviation,7007,July,2009,2009,°C,0.387,Fc,Calculated data
ET,Temperature change,231,United States of America,6078,Standard Deviation,7007,July,2010,2010,°C,0.387,Fc,Calculated data
ET,Temperature change,231,United States of America,6078,Standard Deviation,7007,July,2011,2011,°C,0.387,Fc,Calculated data
ET,Temperature change,231,United States of America,6078,Standard Deviation,7007,July,2012,2012,°C,0.387,Fc,Calculated data
ET,Temperature change,231,United States of America,6078,Standard Deviation,7007,July,2013,2013,°C,0.387,Fc,Calculated data
ET,Temperature change,231,United States of America,6078,Standard Deviation,7007,July,2014,2014,°C,0.387,Fc,Calculated data
ET,Temperature change,231,United States of America,6078,Standard Deviation,7007,July,2015,2015,°C,0.387,Fc,Calculated data
ET,Temperature change,231,United States of America,6078,Standard Deviation,7007,July,2016,2016,°C,0.387,Fc,Calculated data
ET,Temperature change,231,United States of America,6078,Standard Deviation,7007,July,2017,2017,°C,0.387,Fc,Calculated data
ET,Temperature change,231,United States of America,6078,Standard Deviation,7007,July,2018,2018,°C,0.387,Fc,Calculated data
ET,Temperature change,231,United States of America,6078,Standard Deviation,7007,July,2019,2019,°C,0.387,Fc,Calculated data
ET,Temperature change,231,United States of America,6078,Standard Deviation,7007,July,2020,2020,°C,0.387,Fc,Calculated data
ET,Temperature change,231,United States of America,7271,Temperature change,7008,August,2000,2000,°C,0.697,Fc,Calculated data
ET,Temperature change,231,United States of America,7271,Temperature change,7008,August,2001,2001,°C,1.115,Fc,Calculated data
ET,Temperature change,231,United States of America,7271,Temperature change,7008,August,2002,2002,°C,0.398,Fc,Calculated data
ET,Temperature change,231,United States of America,7271,Temperature change,7008,August,2003,2003,°C,1.271,Fc,Calculated data
ET,Temperature change,231,United States of America,7271,Temperature change,7008,August,2004,2004,°C,-0.207,Fc,Calculated data
ET,Temperature change,231,United States of America,7271,Temperature change,7008,August,2005,2005,°C,0.88,Fc,Calculated data
ET,Temperature change,231,United States of America,7271,Temperature change,7008,August,2006,2006,°C,0.521,Fc,Calculated data
ET,Temperature change,231,United States of America,7271,Temperature change,7008,August,2007,2007,°C,1.551,Fc,Calculated data
ET,Temperature change,231,United States of America,7271,Temperature change,7008,August,2008,2008,°C,0.027,Fc,Calculated data
ET,Temperature change,231,United States of America,7271,Temperature change,7008,August,2009,2009,°C,-0.028,Fc,Calculated data
ET,Temperature change,231,United States of America,7271,Temperature change,7008,August,2010,2010,°C,1.133,Fc,Calculated data
ET,Temperature change,231,United States of America,7271,Temperature change,7008,August,2011,2011,°C,1.301,Fc,Calculated data
ET,Temperature change,231,United States of America,7271,Temperature change,7008,August,2012,2012,°C,0.879,Fc,Calculated data
ET,Temperature change,231,United States of America,7271,Temperature change,7008,August,2013,2013,°C,0.652,Fc,Calculated data
ET,Temperature change,231,United States of America,7271,Temperature change,7008,August,2014,2014,°C,0.397,Fc,Calculated data
ET,Temperature change,231,United States of America,7271,Temperature change,7008,August,2015,2015,°C,0.473,Fc,Calculated data
ET,Temperature change,231,United States of America,7271,Temperature change,7008,August,2016,2016,°C,1.124,Fc,Calculated data
ET,Temperature change,231,United States of America,7271,Temperature change,7008,August,2017,2017,°C,0.126,Fc,Calculated data
ET,Temperature change,231,United States of America,7271,Temperature change,7008,August,2018,2018,°C,0.769,Fc,Calculated data
ET,Temperature change,231,United States of America,7271,Temperature change,7008,August,2019,2019,°C,1.052,Fc,Calculated data
ET,Temperature change,231,United States of America,7271,Temperature change,7008,August,2020,2020,°C,1.471,Fc,Calculated data
ET,Temperature change,231,United States of America,6078,Standard Deviation,7008,August,2000,2000,°C,0.344,Fc,Calculated data
ET,Temperature change,231,United States of America,6078,Standard Deviation,7008,August,2001,2001,°C,0.344,Fc,Calculated data
ET,Temperature change,231,United States of America,6078,Standard Deviation,7008,August,2002,2002,°C,0.344,Fc,Calculated data
ET,Temperature change,231,United States of America,6078,Standard Deviation,7008,August,2003,2003,°C,0.344,Fc,Calculated data
ET,Temperature change,231,United States of America,6078,Standard Deviation,7008,August,2004,2004,°C,0.344,Fc,Calculated data
ET,Temperature change,231,United States of America,6078,Standard Deviation,7008,August,2005,2005,°C,0.344,Fc,Calculated data
ET,Temperature change,231,United States of America,6078,Standard Deviation,7008,August,2006,2006,°C,0.344,Fc,Calculated data
ET,Temperature change,231,United States of America,6078,Standard Deviation,7008,August,2007,2007,°C,0.344,Fc,Calculated data
ET,Temperature change,231,United States of America,6078,Standard Deviation,7008,August,2008,2008,°C,0.344,Fc,Calculated data
ET,Temperature change,231,United States of America,6078,Standard Deviation,7008,August,2009,2009,°C,0.344,Fc,Calculated data
ET,Temperature change,231,United States of America,6078,Standard Deviation,7008,August,2010,2010,°C,0.344,Fc,Calculated data
ET,Temperature change,231,United States of America,6078,Standard Deviation,7008,August,2011,2011,°C,0.344,Fc,Calculated data
ET,Temperature change,231,United States of America,6078,Standard Deviation,7008,August,2012,2012,°C,0.344,Fc,Calculated data
ET,Temperature change,231,United States of America,6078,Standard Deviation,7008,August,2013,2013,°C,0.344,Fc,Calculated data
ET,Temperature change,231,United States of America,6078,Standard Deviation,7008,August,2014,2014,°C,0.344,Fc,Calculated data
ET,Temperature change,231,United States of America,6078,Standard Deviation,7008,August,2015,2015,°C,0.344,Fc,Calculated data
ET,Temperature change,231,United States of America,6078,Standard Deviation,7008,August,2016,2016,°C,0.344,Fc,Calculated data
ET,Temperature change,231,United States of America,6078,Standard Deviation,7008,August,2017,2017,°C,0.344,Fc,Calculated data
ET,Temperature change,231,United States of America,6078,Standard Deviation,7008,August,2018,2018,°C,0.344,Fc,Calculated data
ET,Temperature change,231,United States of America,6078,Standard Deviation,7008,August,2019,2019,°C,0.344,Fc,Calculated data
ET,Temperature change,231,United States of America,6078,Standard Deviation,7008,August,2020,2020,°C,0.344,Fc,Calculated data
ET,Temperature change,231,United States of America,7271,Temperature change,7009,September,2000,2000,°C,0.196,Fc,Calculated data
ET,Temperature change,231,United States of America,7271,Temperature change,7009,September,2001,2001,°C,0.59,Fc,Calculated data
ET,Temperature change,231,United States of America,7271,Temperature change,7009,September,2002,2002,°C,1.184,Fc,Calculated data
ET,Temperature change,231,United States of America,7271,Temperature change,7009,September,2003,2003,°C,0.029,Fc,Calculated data
ET,Temperature change,231,United States of America,7271,Temperature change,7009,September,2004,2004,°C,0.195,Fc,Calculated data
ET,Temperature change,231,United States of America,7271,Temperature change,7009,September,2005,2005,°C,1.436,Fc,Calculated data
ET,Temperature change,231,United States of America,7271,Temperature change,7009,September,2006,2006,°C,-0.231,Fc,Calculated data
ET,Temperature change,231,United States of America,7271,Temperature change,7009,September,2007,2007,°C,1.078,Fc,Calculated data
ET,Temperature change,231,United States of America,7271,Temperature change,7009,September,2008,2008,°C,0.323,Fc,Calculated data
ET,Temperature change,231,United States of America,7271,Temperature change,7009,September,2009,2009,°C,0.85,Fc,Calculated data
ET,Temperature change,231,United States of America,7271,Temperature change,7009,September,2010,2010,°C,1.067,Fc,Calculated data
ET,Temperature change,231,United States of America,7271,Temperature change,7009,September,2011,2011,°C,0.842,Fc,Calculated data
ET,Temperature change,231,United States of America,7271,Temperature change,7009,September,2012,2012,°C,0.703,Fc,Calculated data
ET,Temperature change,231,United States of America,7271,Temperature change,7009,September,2013,2013,°C,0.904,Fc,Calculated data
ET,Temperature change,231,United States of America,7271,Temperature change,7009,September,2014,2014,°C,0.86,Fc,Calculated data
ET,Temperature change,231,United States of America,7271,Temperature change,7009,September,2015,2015,°C,1.588,Fc,Calculated data
ET,Temperature change,231,United States of America,7271,Temperature change,7009,September,2016,2016,°C,1.325,Fc,Calculated data
ET,Temperature change,231,United States of America,7271,Temperature change,7009,September,2017,2017,°C,0.944,Fc,Calculated data
ET,Temperature change,231,United States of America,7271,Temperature change,7009,September,2018,2018,°C,1.669,Fc,Calculated data
ET,Temperature change,231,United States of America,7271,Temperature change,7009,September,2019,2019,°C,2.052,Fc,Calculated data
ET,Temperature change,231,United States of America,7271,Temperature change,7009,September,2020,2020,°C,0.721,Fc,Calculated data
ET,Temperature change,231,United States of America,6078,Standard Deviation,7009,September,2000,2000,°C,0.527,Fc,Calculated data
ET,Temperature change,231,United States of America,6078,Standard Deviation,7009,September,2001,2001,°C,0.527,Fc,Calculated data
ET,Temperature change,231,United States of America,6078,Standard Deviation,7009,September,2002,2002,°C,0.527,Fc,Calculated data
ET,Temperature change,231,United States of America,6078,Standard Deviation,7009,September,2003,2003,°C,0.527,Fc,Calculated data
ET,Temperature change,231,United States of America,6078,Standard Deviation,7009,September,2004,2004,°C,0.527,Fc,Calculated data
ET,Temperature change,231,United States of America,6078,Standard Deviation,7009,September,2005,2005,°C,0.527,Fc,Calculated data
ET,Temperature change,231,United States of America,6078,Standard Deviation,7009,September,2006,2006,°C,0.527,Fc,Calculated data
ET,Temperature change,231,United States of America,6078,Standard Deviation,7009,September,2007,2007,°C,0.527,Fc,Calculated data
ET,Temperature change,231,United States of America,6078,Standard Deviation,7009,September,2008,2008,°C,0.527,Fc,Calculated data
ET,Temperature change,231,United States of America,6078,Standard Deviation,7009,September,2009,2009,°C,0.527,Fc,Calculated data
ET,Temperature change,231,United States of America,6078,Standard Deviation,7009,September,2010,2010,°C,0.527,Fc,Calculated data
ET,Temperature change,231,United States of America,6078,Standard Deviation,7009,September,2011,2011,°C,0.527,Fc,Calculated data
ET,Temperature change,231,United States of America,6078,Standard Deviation,7009,September,2012,2012,°C,0.527,Fc,Calculated data
ET,Temperature change,231,United States of America,6078,Standard Deviation,7009,September,2013,2013,°C,0.527,Fc,Calculated data
ET,Temperature change,231,United States of America,6078,Standard Deviation,7009,September,2014,2014,°C,0.527,Fc,Calculated data
ET,Temperature change,231,United States of America,6078,Standard Deviation,7009,September,2015,2015,°C,0.527,Fc,Calculated data
ET,Temperature change,231,United States of America,6078,Standard Deviation,7009,September,2016,2016,°C,0.527,Fc,Calculated data
ET,Temperature change,231,United States of America,6078,Standard Deviation,7009,September,2017,2017,°C,0.527,Fc,Calculated data
ET,Temperature change,231,United States of America,6078,Standard Deviation,7009,September,2018,2018,°C,0.527,Fc,Calculated data
ET,Temperature change,231,United States of America,6078,Standard Deviation,7009,September,2019,2019,°C,0.527,Fc,Calculated data
ET,Temperature change,231,United States of America,6078,Standard Deviation,7009,September,2020,2020,°C,0.527,Fc,Calculated data
ET,Temperature change,231,United States of America,7271,Temperature change,7010,October,2000,2000,°C,0.37,Fc,Calculated data
ET,Temperature change,231,United States of America,7271,Temperature change,7010,October,2001,2001,°C,-0.239,Fc,Calculated data
ET,Temperature change,231,United States of America,7271,Temperature change,7010,October,2002,2002,°C,-0.338,Fc,Calculated data
ET,Temperature change,231,United States of America,7271,Temperature change,7010,October,2003,2003,°C,1.65,Fc,Calculated data
ET,Temperature change,231,United States of America,7271,Temperature change,7010,October,2004,2004,°C,0.941,Fc,Calculated data
ET,Temperature change,231,United States of America,7271,Temperature change,7010,October,2005,2005,°C,0.762,Fc,Calculated data
ET,Temperature change,231,United States of America,7271,Temperature change,7010,October,2006,2006,°C,-0.041,Fc,Calculated data
ET,Temperature change,231,United States of America,7271,Temperature change,7010,October,2007,2007,°C,1.208,Fc,Calculated data
ET,Temperature change,231,United States of America,7271,Temperature change,7010,October,2008,2008,°C,-0.592,Fc,Calculated data
ET,Temperature change,231,United States of America,7271,Temperature change,7010,October,2009,2009,°C,-1.028,Fc,Calculated data
ET,Temperature change,231,United States of America,7271,Temperature change,7010,October,2010,2010,°C,1.096,Fc,Calculated data
ET,Temperature change,231,United States of America,7271,Temperature change,7010,October,2011,2011,°C,0.726,Fc,Calculated data
ET,Temperature change,231,United States of America,7271,Temperature change,7010,October,2012,2012,°C,-0.011,Fc,Calculated data
ET,Temperature change,231,United States of America,7271,Temperature change,7010,October,2013,2013,°C,0.587,Fc,Calculated data
ET,Temperature change,231,United States of America,7271,Temperature change,7010,October,2014,2014,°C,1.317,Fc,Calculated data
ET,Temperature change,231,United States of America,7271,Temperature change,7010,October,2015,2015,°C,1.975,Fc,Calculated data
ET,Temperature change,231,United States of America,7271,Temperature change,7010,October,2016,2016,°C,2.064,Fc,Calculated data
ET,Temperature change,231,United States of America,7271,Temperature change,7010,October,2017,2017,°C,1.26,Fc,Calculated data
ET,Temperature change,231,United States of America,7271,Temperature change,7010,October,2018,2018,°C,0.696,Fc,Calculated data
ET,Temperature change,231,United States of America,7271,Temperature change,7010,October,2019,2019,°C,-0.234,Fc,Calculated data
ET,Temperature change,231,United States of America,7271,Temperature change,7010,October,2020,2020,°C,0.508,Fc,Calculated data
ET,Temperature change,231,United States of America,6078,Standard Deviation,7010,October,2000,2000,°C,0.768,Fc,Calculated data
ET,Temperature change,231,United States of America,6078,Standard Deviation,7010,October,2001,2001,°C,0.768,Fc,Calculated data
ET,Temperature change,231,United States of America,6078,Standard Deviation,7010,October,2002,2002,°C,0.768,Fc,Calculated data
ET,Temperature change,231,United States of America,6078,Standard Deviation,7010,October,2003,2003,°C,0.768,Fc,Calculated data
ET,Temperature change,231,United States of America,6078,Standard Deviation,7010,October,2004,2004,°C,0.768,Fc,Calculated data
ET,Temperature change,231,United States of America,6078,Standard Deviation,7010,October,2005,2005,°C,0.768,Fc,Calculated data
ET,Temperature change,231,United States of America,6078,Standard Deviation,7010,October,2006,2006,°C,0.768,Fc,Calculated data
ET,Temperature change,231,United States of America,6078,Standard Deviation,7010,October,2007,2007,°C,0.768,Fc,Calculated data
ET,Temperature change,231,United States of America,6078,Standard Deviation,7010,October,2008,2008,°C,0.768,Fc,Calculated data
ET,Temperature change,231,United States of America,6078,Standard Deviation,7010,October,2009,2009,°C,0.768,Fc,Calculated data
ET,Temperature change,231,United States of America,6078,Standard Deviation,7010,October,2010,2010,°C,0.768,Fc,Calculated data
ET,Temperature change,231,United States of America,6078,Standard Deviation,7010,October,2011,2011,°C,0.768,Fc,Calculated data
ET,Temperature change,231,United States of America,6078,Standard Deviation,7010,October,2012,2012,°C,0.768,Fc,Calculated data
ET,Temperature change,231,United States of America,6078,Standard Deviation,7010,October,2013,2013,°C,0.768,Fc,Calculated data
ET,Temperature change,231,United States of America,6078,Standard Deviation,7010,October,2014,2014,°C,0.768,Fc,Calculated data
ET,Temperature change,231,United States of America,6078,Standard Deviation,7010,October,2015,2015,°C,0.768,Fc,Calculated data
ET,Temperature change,231,United States of America,6078,Standard Deviation,7010,October,2016,2016,°C,0.768,Fc,Calculated data
ET,Temperature change,231,United States of America,6078,Standard Deviation,7010,October,2017,2017,°C,0.768,Fc,Calculated data
ET,Temperature change,231,United States of America,6078,Standard Deviation,7010,October,2018,2018,°C,0.768,Fc,Calculated data
ET,Temperature change,231,United States of America,6078,Standard Deviation,7010,October,2019,2019,°C,0.768,Fc,Calculated data
ET,Temperature change,231,United States of America,6078,Standard Deviation,7010,October,2020,2020,°C,0.768,Fc,Calculated data
ET,Temperature change,231,United States of America,7271,Temperature change,7011,November,2000,2000,°C,-0.97,Fc,Calculated data
ET,Temperature change,231,United States of America,7271,Temperature change,7011,November,2001,2001,°C,2.267,Fc,Calculated data
ET,Temperature change,231,United States of America,7271,Temperature change,7011,November,2002,2002,°C,1.2,Fc,Calculated data
ET,Temperature change,231,United States of America,7271,Temperature change,7011,November,2003,2003,°C,0.571,Fc,Calculated data
ET,Temperature change,231,United States of America,7271,Temperature change,7011,November,2004,2004,°C,1.437,Fc,Calculated data
ET,Temperature change,231,United States of America,7271,Temperature change,7011,November,2005,2005,°C,0.791,Fc,Calculated data
ET,Temperature change,231,United States of America,7271,Temperature change,7011,November,2006,2006,°C,0.499,Fc,Calculated data
ET,Temperature change,231,United States of America,7271,Temperature change,7011,November,2007,2007,°C,1.71,Fc,Calculated data
ET,Temperature change,231,United States of America,7271,Temperature change,7011,November,2008,2008,°C,0.69,Fc,Calculated data
ET,Temperature change,231,United States of America,7271,Temperature change,7011,November,2009,2009,°C,1.387,Fc,Calculated data
ET,Temperature change,231,United States of America,7271,Temperature change,7011,November,2010,2010,°C,0.784,Fc,Calculated data
ET,Temperature change,231,United States of America,7271,Temperature change,7011,November,2011,2011,°C,0.126,Fc,Calculated data
ET,Temperature change,231,United States of America,7271,Temperature change,7011,November,2012,2012,°C,0.42,Fc,Calculated data
ET,Temperature change,231,United States of America,7271,Temperature change,7011,November,2013,2013,°C,0.129,Fc,Calculated data
ET,Temperature change,231,United States of America,7271,Temperature change,7011,November,2014,2014,°C,-0.354,Fc,Calculated data
ET,Temperature change,231,United States of America,7271,Temperature change,7011,November,2015,2015,°C,1.805,Fc,Calculated data
ET,Temperature change,231,United States of America,7271,Temperature change,7011,November,2016,2016,°C,2.915,Fc,Calculated data
ET,Temperature change,231,United States of America,7271,Temperature change,7011,November,2017,2017,°C,1.82,Fc,Calculated data
ET,Temperature change,231,United States of America,7271,Temperature change,7011,November,2018,2018,°C,0.005,Fc,Calculated data
ET,Temperature change,231,United States of America,7271,Temperature change,7011,November,2019,2019,°C,0.507,Fc,Calculated data
ET,Temperature change,231,United States of America,7271,Temperature change,7011,November,2020,2020,°C,2.328,Fc,Calculated data
ET,Temperature change,231,United States of America,6078,Standard Deviation,7011,November,2000,2000,°C,0.84,Fc,Calculated data
ET,Temperature change,231,United States of America,6078,Standard Deviation,7011,November,2001,2001,°C,0.84,Fc,Calculated data
ET,Temperature change,231,United States of America,6078,Standard Deviation,7011,November,2002,2002,°C,0.84,Fc,Calculated data
ET,Temperature change,231,United States of America,6078,Standard Deviation,7011,November,2003,2003,°C,0.84,Fc,Calculated data
ET,Temperature change,231,United States of America,6078,Standard Deviation,7011,November,2004,2004,°C,0.84,Fc,Calculated data
ET,Temperature change,231,United States of America,6078,Standard Deviation,7011,November,2005,2005,°C,0.84,Fc,Calculated data
ET,Temperature change,231,United States of America,6078,Standard Deviation,7011,November,2006,2006,°C,0.84,Fc,Calculated data
ET,Temperature change,231,United States of America,6078,Standard Deviation,7011,November,2007,2007,°C,0.84,Fc,Calculated data
ET,Temperature change,231,United States of America,6078,Standard Deviation,7011,November,2008,2008,°C,0.84,Fc,Calculated data
ET,Temperature change,231,United States of America,6078,Standard Deviation,7011,November,2009,2009,°C,0.84,Fc,Calculated data
ET,Temperature change,231,United States of America,6078,Standard Deviation,7011,November,2010,2010,°C,0.84,Fc,Calculated data
ET,Temperature change,231,United States of America,6078,Standard Deviation,7011,November,2011,2011,°C,0.84,Fc,Calculated data
ET,Temperature change,231,United States of America,6078,Standard Deviation,7011,November,2012,2012,°C,0.84,Fc,Calculated data
ET,Temperature change,231,United States of America,6078,Standard Deviation,7011,November,2013,2013,°C,0.84,Fc,Calculated data
ET,Temperature change,231,United States of America,6078,Standard Deviation,7011,November,2014,2014,°C,0.84,Fc,Calculated data
ET,Temperature change,231,United States of America,6078,Standard Deviation,7011,November,2015,2015,°C,0.84,Fc,Calculated data
ET,Temperature change,231,United States of America,6078,Standard Deviation,7011,November,2016,2016,°C,0.84,Fc,Calculated data
ET,Temperature change,231,United States of America,6078,Standard Deviation,7011,November,2017,2017,°C,0.84,Fc,Calculated data
ET,Temperature change,231,United States of America,6078,Standard Deviation,7011,November,2018,2018,°C,0.84,Fc,Calculated data
ET,Temperature change,231,United States of America,6078,Standard Deviation,7011,November,2019,2019,°C,0.84,Fc,Calculated data
ET,Temperature change,231,United States of America,6078,Standard Deviation,7011,November,2020,2020,°C,0.84,Fc,Calculated data
ET,Temperature change,231,United States of America,7271,Temperature change,7012,December,2000,2000,°C,-0.892,Fc,Calculated data
ET,Temperature change,231,United States of America,7271,Temperature change,7012,December,2001,2001,°C,1.201,Fc,Calculated data
ET,Temperature change,231,United States of America,7271,Temperature change,7012,December,2002,2002,°C,1.933,Fc,Calculated data
ET,Temperature change,231,United States of America,7271,Temperature change,7012,December,2003,2003,°C,1.177,Fc,Calculated data
ET,Temperature change,231,United States of America,7271,Temperature change,7012,December,2004,2004,°C,1.435,Fc,Calculated data
ET,Temperature change,231,United States of America,7271,Temperature change,7012,December,2005,2005,°C,0.878,Fc,Calculated data
ET,Temperature change,231,United States of America,7271,Temperature change,7012,December,2006,2006,°C,2.177,Fc,Calculated data
ET,Temperature change,231,United States of America,7271,Temperature change,7012,December,2007,2007,°C,0.651,Fc,Calculated data
ET,Temperature change,231,United States of America,7271,Temperature change,7012,December,2008,2008,°C,-0.096,Fc,Calculated data
ET,Temperature change,231,United States of America,7271,Temperature change,7012,December,2009,2009,°C,-0.623,Fc,Calculated data
ET,Temperature change,231,United States of America,7271,Temperature change,7012,December,2010,2010,°C,-0.639,Fc,Calculated data
ET,Temperature change,231,United States of America,7271,Temperature change,7012,December,2011,2011,°C,1.789,Fc,Calculated data
ET,Temperature change,231,United States of America,7271,Temperature change,7012,December,2012,2012,°C,1.08,Fc,Calculated data
ET,Temperature change,231,United States of America,7271,Temperature change,7012,December,2013,2013,°C,-0.28,Fc,Calculated data
ET,Temperature change,231,United States of America,7271,Temperature change,7012,December,2014,2014,°C,2.839,Fc,Calculated data
ET,Temperature change,231,United States of America,7271,Temperature change,7012,December,2015,2015,°C,3.198,Fc,Calculated data
ET,Temperature change,231,United States of America,7271,Temperature change,7012,December,2016,2016,°C,0.518,Fc,Calculated data
ET,Temperature change,231,United States of America,7271,Temperature change,7012,December,2017,2017,°C,2.188,Fc,Calculated data
ET,Temperature change,231,United States of America,7271,Temperature change,7012,December,2018,2018,°C,1.786,Fc,Calculated data
ET,Temperature change,231,United States of America,7271,Temperature change,7012,December,2019,2019,°C,2.035,Fc,Calculated data
ET,Temperature change,231,United States of America,7271,Temperature change,7012,December,2020,2020,°C,2.017,Fc,Calculated data
ET,Temperature change,231,United States of America,6078,Standard Deviation,7012,December,2000,2000,°C,0.846,Fc,Calculated data
ET,Temperature change,231,United States of America,6078,Standard Deviation,7012,December,2001,2001,°C,0.846,Fc,Calculated data
ET,Temperature change,231,United States of America,6078,Standard Deviation,7012,December,2002,2002,°C,0.846,Fc,Calculated data
ET,Temperature change,231,United States of America,6078,Standard Deviation,7012,December,2003,2003,°C,0.846,Fc,Calculated data
ET,Temperature change,231,United States of America,6078,Standard Deviation,7012,December,2004,2004,°C,0.846,Fc,Calculated data
ET,Temperature change,231,United States of America,6078,Standard Deviation,7012,December,2005,2005,°C,0.846,Fc,Calculated data
ET,Temperature change,231,United States of America,6078,Standard Deviation,7012,December,2006,2006,°C,0.846,Fc,Calculated data
ET,Temperature change,231,United States of America,6078,Standard Deviation,7012,December,2007,2007,°C,0.846,Fc,Calculated data
ET,Temperature change,231,United States of America,6078,Standard Deviation,7012,December,2008,2008,°C,0.846,Fc,Calculated data
ET,Temperature change,231,United States of America,6078,Standard Deviation,7012,December,2009,2009,°C,0.846,Fc,Calculated data
ET,Temperature change,231,United States of America,6078,Standard Deviation,7012,December,2010,2010,°C,0.846,Fc,Calculated data
ET,Temperature change,231,United States of America,6078,Standard Deviation,7012,December,2011,2011,°C,0.846,Fc,Calculated data
ET,Temperature change,231,United States of America,6078,Standard Deviation,7012,December,2012,2012,°C,0.846,Fc,Calculated data
ET,Temperature change,231,United States of America,6078,Standard Deviation,7012,December,2013,2013,°C,0.846,Fc,Calculated data
ET,Temperature change,231,United States of America,6078,Standard Deviation,7012,December,2014,2014,°C,0.846,Fc,Calculated data
ET,Temperature change,231,United States of America,6078,Standard Deviation,7012,December,2015,2015,°C,0.846,Fc,Calculated data
ET,Temperature change,231,United States of America,6078,Standard Deviation,7012,December,2016,2016,°C,0.846,Fc,Calculated data
ET,Temperature change,231,United States of America,6078,Standard Deviation,7012,December,2017,2017,°C,0.846,Fc,Calculated data
ET,Temperature change,231,United States of America,6078,Standard Deviation,7012,December,2018,2018,°C,0.846,Fc,Calculated data
ET,Temperature change,231,United States of America,6078,Standard Deviation,7012,December,2019,2019,°C,0.846,Fc,Calculated data
ET,Temperature change,231,United States of America,6078,Standard Deviation,7012,December,2020,2020,°C,0.846,Fc,Calculated data
