﻿Domain Code,Domain,Area Code (FAO),Area,Element Code,Element,Item Code (FAO),Item,Year Code,Year,Unit, Value ,Flag,Flag Description
QV,Value of Agricultural Production,231,United States of America,57,Gross Production Value (current thousand US$),56,Maize,2000,2000,1000 US$,"$18,385,335.00 ",Fc,Calculated data
QV,Value of Agricultural Production,231,United States of America,57,Gross Production Value (current thousand US$),56,Maize,2001,2001,1000 US$,"$18,827,379.00 ",Fc,Calculated data
QV,Value of Agricultural Production,231,United States of America,57,Gross Production Value (current thousand US$),56,Maize,2002,2002,1000 US$,"$20,726,786.00 ",Fc,Calculated data
QV,Value of Agricultural Production,231,United States of America,57,Gross Production Value (current thousand US$),56,Maize,2003,2003,1000 US$,"$24,341,757.00 ",Fc,Calculated data
QV,Value of Agricultural Production,231,United States of America,57,Gross Production Value (current thousand US$),56,Maize,2004,2004,1000 US$,"$24,289,921.00 ",Fc,Calculated data
QV,Value of Agricultural Production,231,United States of America,57,Gross Production Value (current thousand US$),56,Maize,2005,2005,1000 US$,"$22,298,741.00 ",Fc,Calculated data
QV,Value of Agricultural Production,231,United States of America,57,Gross Production Value (current thousand US$),56,Maize,2006,2006,1000 US$,"$32,100,342.00 ",Fc,Calculated data
QV,Value of Agricultural Production,231,United States of America,57,Gross Production Value (current thousand US$),56,Maize,2007,2007,1000 US$,"$54,644,251.00 ",Fc,Calculated data
QV,Value of Agricultural Production,231,United States of America,57,Gross Production Value (current thousand US$),56,Maize,2008,2008,1000 US$,"$48,945,832.00 ",Fc,Calculated data
QV,Value of Agricultural Production,231,United States of America,57,Gross Production Value (current thousand US$),56,Maize,2009,2009,1000 US$,"$46,468,947.00 ",Fc,Calculated data
QV,Value of Agricultural Production,231,United States of America,57,Gross Production Value (current thousand US$),56,Maize,2010,2010,1000 US$,"$64,386,056.00 ",Fc,Calculated data
QV,Value of Agricultural Production,231,United States of America,57,Gross Production Value (current thousand US$),56,Maize,2011,2011,1000 US$,"$76,633,278.00 ",Fc,Calculated data
QV,Value of Agricultural Production,231,United States of America,57,Gross Production Value (current thousand US$),56,Maize,2012,2012,1000 US$,"$74,035,140.00 ",Fc,Calculated data
QV,Value of Agricultural Production,231,United States of America,57,Gross Production Value (current thousand US$),56,Maize,2013,2013,1000 US$,"$61,823,849.00 ",Fc,Calculated data
QV,Value of Agricultural Production,231,United States of America,57,Gross Production Value (current thousand US$),56,Maize,2014,2014,1000 US$,"$52,719,306.00 ",Fc,Calculated data
QV,Value of Agricultural Production,231,United States of America,57,Gross Production Value (current thousand US$),56,Maize,2015,2015,1000 US$,"$49,059,060.00 ",Fc,Calculated data
QV,Value of Agricultural Production,231,United States of America,57,Gross Production Value (current thousand US$),56,Maize,2016,2016,1000 US$,"$54,418,608.00 ",Fc,Calculated data
QV,Value of Agricultural Production,231,United States of America,57,Gross Production Value (current thousand US$),56,Maize,2017,2017,1000 US$,"$48,984,676.00 ",Fc,Calculated data
QV,Value of Agricultural Production,231,United States of America,57,Gross Production Value (current thousand US$),56,Maize,2018,2018,1000 US$,"$51,725,225.00 ",Fc,Calculated data
QV,Value of Agricultural Production,231,United States of America,57,Gross Production Value (current thousand US$),56,Maize,2019,2019,1000 US$,"$52,404,183.00 ",Fc,Calculated data
QV,Value of Agricultural Production,231,United States of America,58,Gross Production Value (constant 2014-2016 thousand US$),56,Maize,2000,2000,1000 US$,"$35,259,546.00 ",Fc,Calculated data
QV,Value of Agricultural Production,231,United States of America,58,Gross Production Value (constant 2014-2016 thousand US$),56,Maize,2001,2001,1000 US$,"$33,792,731.00 ",Fc,Calculated data
QV,Value of Agricultural Production,231,United States of America,58,Gross Production Value (constant 2014-2016 thousand US$),56,Maize,2002,2002,1000 US$,"$31,887,363.00 ",Fc,Calculated data
QV,Value of Agricultural Production,231,United States of America,58,Gross Production Value (constant 2014-2016 thousand US$),56,Maize,2003,2003,1000 US$,"$35,872,063.00 ",Fc,Calculated data
QV,Value of Agricultural Production,231,United States of America,58,Gross Production Value (constant 2014-2016 thousand US$),56,Maize,2004,2004,1000 US$,"$41,982,580.00 ",Fc,Calculated data
QV,Value of Agricultural Production,231,United States of America,58,Gross Production Value (constant 2014-2016 thousand US$),56,Maize,2005,2005,1000 US$,"$39,516,757.00 ",Fc,Calculated data
QV,Value of Agricultural Production,231,United States of America,58,Gross Production Value (constant 2014-2016 thousand US$),56,Maize,2006,2006,1000 US$,"$37,450,399.00 ",Fc,Calculated data
QV,Value of Agricultural Production,231,United States of America,58,Gross Production Value (constant 2014-2016 thousand US$),56,Maize,2007,2007,1000 US$,"$46,364,819.00 ",Fc,Calculated data
QV,Value of Agricultural Production,231,United States of America,58,Gross Production Value (constant 2014-2016 thousand US$),56,Maize,2008,2008,1000 US$,"$42,827,603.00 ",Fc,Calculated data
QV,Value of Agricultural Production,231,United States of America,58,Gross Production Value (constant 2014-2016 thousand US$),56,Maize,2009,2009,1000 US$,"$46,468,947.00 ",Fc,Calculated data
QV,Value of Agricultural Production,231,United States of America,58,Gross Production Value (constant 2014-2016 thousand US$),56,Maize,2010,2010,1000 US$,"$44,186,509.00 ",Fc,Calculated data
QV,Value of Agricultural Production,231,United States of America,58,Gross Production Value (constant 2014-2016 thousand US$),56,Maize,2011,2011,1000 US$,"$43,790,445.00 ",Fc,Calculated data
QV,Value of Agricultural Production,231,United States of America,58,Gross Production Value (constant 2014-2016 thousand US$),56,Maize,2012,2012,1000 US$,"$38,246,936.00 ",Fc,Calculated data
QV,Value of Agricultural Production,231,United States of America,58,Gross Production Value (constant 2014-2016 thousand US$),56,Maize,2013,2013,1000 US$,"$49,178,062.00 ",Fc,Calculated data
QV,Value of Agricultural Production,231,United States of America,58,Gross Production Value (constant 2014-2016 thousand US$),56,Maize,2014,2014,1000 US$,"$50,552,760.00 ",Fc,Calculated data
QV,Value of Agricultural Production,231,United States of America,58,Gross Production Value (constant 2014-2016 thousand US$),56,Maize,2015,2015,1000 US$,"$48,368,088.00 ",Fc,Calculated data
QV,Value of Agricultural Production,231,United States of America,58,Gross Production Value (constant 2014-2016 thousand US$),56,Maize,2016,2016,1000 US$,"$57,716,705.00 ",Fc,Calculated data
QV,Value of Agricultural Production,231,United States of America,58,Gross Production Value (constant 2014-2016 thousand US$),56,Maize,2017,2017,1000 US$,"$51,953,444.00 ",Fc,Calculated data
QV,Value of Agricultural Production,231,United States of America,58,Gross Production Value (constant 2014-2016 thousand US$),56,Maize,2018,2018,1000 US$,"$50,996,701.00 ",Fc,Calculated data
QV,Value of Agricultural Production,231,United States of America,58,Gross Production Value (constant 2014-2016 thousand US$),56,Maize,2019,2019,1000 US$,"$48,586,660.00 ",Fc,Calculated data
QV,Value of Agricultural Production,231,United States of America,57,Gross Production Value (current thousand US$),236,Soybeans,2000,2000,1000 US$,"$12,534,233.00 ",Fc,Calculated data
QV,Value of Agricultural Production,231,United States of America,57,Gross Production Value (current thousand US$),236,Soybeans,2001,2001,1000 US$,"$12,666,107.00 ",Fc,Calculated data
QV,Value of Agricultural Production,231,United States of America,57,Gross Production Value (current thousand US$),236,Soybeans,2002,2002,1000 US$,"$15,227,036.00 ",Fc,Calculated data
QV,Value of Agricultural Production,231,United States of America,57,Gross Production Value (current thousand US$),236,Soybeans,2003,2003,1000 US$,"$18,031,334.00 ",Fc,Calculated data
QV,Value of Agricultural Production,231,United States of America,57,Gross Production Value (current thousand US$),236,Soybeans,2004,2004,1000 US$,"$17,938,298.00 ",Fc,Calculated data
QV,Value of Agricultural Production,231,United States of America,57,Gross Production Value (current thousand US$),236,Soybeans,2005,2005,1000 US$,"$17,369,369.00 ",Fc,Calculated data
QV,Value of Agricultural Production,231,United States of America,57,Gross Production Value (current thousand US$),236,Soybeans,2006,2006,1000 US$,"$20,532,146.00 ",Fc,Calculated data
QV,Value of Agricultural Production,231,United States of America,57,Gross Production Value (current thousand US$),236,Soybeans,2007,2007,1000 US$,"$27,030,756.00 ",Fc,Calculated data
QV,Value of Agricultural Production,231,United States of America,57,Gross Production Value (current thousand US$),236,Soybeans,2008,2008,1000 US$,"$29,554,024.00 ",Fc,Calculated data
QV,Value of Agricultural Production,231,United States of America,57,Gross Production Value (current thousand US$),236,Soybeans,2009,2009,1000 US$,"$32,197,282.00 ",Fc,Calculated data
QV,Value of Agricultural Production,231,United States of America,57,Gross Production Value (current thousand US$),236,Soybeans,2010,2010,1000 US$,"$37,625,265.00 ",Fc,Calculated data
QV,Value of Agricultural Production,231,United States of America,57,Gross Production Value (current thousand US$),236,Soybeans,2011,2011,1000 US$,"$38,689,753.00 ",Fc,Calculated data
QV,Value of Agricultural Production,231,United States of America,57,Gross Production Value (current thousand US$),236,Soybeans,2012,2012,1000 US$,"$43,796,370.00 ",Fc,Calculated data
QV,Value of Agricultural Production,231,United States of America,57,Gross Production Value (current thousand US$),236,Soybeans,2013,2013,1000 US$,"$43,684,109.00 ",Fc,Calculated data
QV,Value of Agricultural Production,231,United States of America,57,Gross Production Value (current thousand US$),236,Soybeans,2014,2014,1000 US$,"$39,651,690.00 ",Fc,Calculated data
QV,Value of Agricultural Production,231,United States of America,57,Gross Production Value (current thousand US$),236,Soybeans,2015,2015,1000 US$,"$35,187,846.00 ",Fc,Calculated data
QV,Value of Agricultural Production,231,United States of America,57,Gross Production Value (current thousand US$),236,Soybeans,2016,2016,1000 US$,"$40,692,162.00 ",Fc,Calculated data
QV,Value of Agricultural Production,231,United States of America,57,Gross Production Value (current thousand US$),236,Soybeans,2017,2017,1000 US$,"$41,062,220.00 ",Fc,Calculated data
QV,Value of Agricultural Production,231,United States of America,57,Gross Production Value (current thousand US$),236,Soybeans,2018,2018,1000 US$,"$37,480,006.00 ",Fc,Calculated data
QV,Value of Agricultural Production,231,United States of America,57,Gross Production Value (current thousand US$),236,Soybeans,2019,2019,1000 US$,"$31,070,611.00 ",Fc,Calculated data
QV,Value of Agricultural Production,231,United States of America,58,Gross Production Value (constant 2014-2016 thousand US$),236,Soybeans,2000,2000,1000 US$,"$26,219,315.00 ",Fc,Calculated data
QV,Value of Agricultural Production,231,United States of America,58,Gross Production Value (constant 2014-2016 thousand US$),236,Soybeans,2001,2001,1000 US$,"$27,482,567.00 ",Fc,Calculated data
QV,Value of Agricultural Production,231,United States of America,58,Gross Production Value (constant 2014-2016 thousand US$),236,Soybeans,2002,2002,1000 US$,"$26,203,504.00 ",Fc,Calculated data
QV,Value of Agricultural Production,231,United States of America,58,Gross Production Value (constant 2014-2016 thousand US$),236,Soybeans,2003,2003,1000 US$,"$23,329,430.00 ",Fc,Calculated data
QV,Value of Agricultural Production,231,United States of America,58,Gross Production Value (constant 2014-2016 thousand US$),236,Soybeans,2004,2004,1000 US$,"$29,698,793.00 ",Fc,Calculated data
QV,Value of Agricultural Production,231,United States of America,58,Gross Production Value (constant 2014-2016 thousand US$),236,Soybeans,2005,2005,1000 US$,"$29,171,632.00 ",Fc,Calculated data
QV,Value of Agricultural Production,231,United States of America,58,Gross Production Value (constant 2014-2016 thousand US$),236,Soybeans,2006,2006,1000 US$,"$30,392,217.00 ",Fc,Calculated data
QV,Value of Agricultural Production,231,United States of America,58,Gross Production Value (constant 2014-2016 thousand US$),236,Soybeans,2007,2007,1000 US$,"$25,452,140.00 ",Fc,Calculated data
QV,Value of Agricultural Production,231,United States of America,58,Gross Production Value (constant 2014-2016 thousand US$),236,Soybeans,2008,2008,1000 US$,"$28,208,213.00 ",Fc,Calculated data
QV,Value of Agricultural Production,231,United States of America,58,Gross Production Value (constant 2014-2016 thousand US$),236,Soybeans,2009,2009,1000 US$,"$31,953,363.00 ",Fc,Calculated data
QV,Value of Agricultural Production,231,United States of America,58,Gross Production Value (constant 2014-2016 thousand US$),236,Soybeans,2010,2010,1000 US$,"$31,671,709.00 ",Fc,Calculated data
QV,Value of Agricultural Production,231,United States of America,58,Gross Production Value (constant 2014-2016 thousand US$),236,Soybeans,2011,2011,1000 US$,"$29,445,796.00 ",Fc,Calculated data
QV,Value of Agricultural Production,231,United States of America,58,Gross Production Value (constant 2014-2016 thousand US$),236,Soybeans,2012,2012,1000 US$,"$28,921,611.00 ",Fc,Calculated data
QV,Value of Agricultural Production,231,United States of America,58,Gross Production Value (constant 2014-2016 thousand US$),236,Soybeans,2013,2013,1000 US$,"$31,925,346.00 ",Fc,Calculated data
QV,Value of Agricultural Production,231,United States of America,58,Gross Production Value (constant 2014-2016 thousand US$),236,Soybeans,2014,2014,1000 US$,"$37,336,003.00 ",Fc,Calculated data
QV,Value of Agricultural Production,231,United States of America,58,Gross Production Value (constant 2014-2016 thousand US$),236,Soybeans,2015,2015,1000 US$,"$37,362,576.00 ",Fc,Calculated data
QV,Value of Agricultural Production,231,United States of America,58,Gross Production Value (constant 2014-2016 thousand US$),236,Soybeans,2016,2016,1000 US$,"$40,848,071.00 ",Fc,Calculated data
QV,Value of Agricultural Production,231,United States of America,58,Gross Production Value (constant 2014-2016 thousand US$),236,Soybeans,2017,2017,1000 US$,"$41,942,696.00 ",Fc,Calculated data
QV,Value of Agricultural Production,231,United States of America,58,Gross Production Value (constant 2014-2016 thousand US$),236,Soybeans,2018,2018,1000 US$,"$42,099,729.00 ",Fc,Calculated data
QV,Value of Agricultural Production,231,United States of America,58,Gross Production Value (constant 2014-2016 thousand US$),236,Soybeans,2019,2019,1000 US$,"$33,813,084.00 ",Fc,Calculated data
QV,Value of Agricultural Production,231,United States of America,57,Gross Production Value (current thousand US$),15,Wheat,2000,2000,1000 US$,"$5,821,380.00 ",Fc,Calculated data
QV,Value of Agricultural Production,231,United States of America,57,Gross Production Value (current thousand US$),15,Wheat,2001,2001,1000 US$,"$5,405,993.00 ",Fc,Calculated data
QV,Value of Agricultural Production,231,United States of America,57,Gross Production Value (current thousand US$),15,Wheat,2002,2002,1000 US$,"$5,725,220.00 ",Fc,Calculated data
QV,Value of Agricultural Production,231,United States of America,57,Gross Production Value (current thousand US$),15,Wheat,2003,2003,1000 US$,"$7,975,407.00 ",Fc,Calculated data
QV,Value of Agricultural Production,231,United States of America,57,Gross Production Value (current thousand US$),15,Wheat,2004,2004,1000 US$,"$7,337,130.00 ",Fc,Calculated data
QV,Value of Agricultural Production,231,United States of America,57,Gross Production Value (current thousand US$),15,Wheat,2005,2005,1000 US$,"$7,212,491.00 ",Fc,Calculated data
QV,Value of Agricultural Production,231,United States of America,57,Gross Production Value (current thousand US$),15,Wheat,2006,2006,1000 US$,"$7,726,918.00 ",Fc,Calculated data
QV,Value of Agricultural Production,231,United States of America,57,Gross Production Value (current thousand US$),15,Wheat,2007,2007,1000 US$,"$13,285,246.00 ",Fc,Calculated data
QV,Value of Agricultural Production,231,United States of America,57,Gross Production Value (current thousand US$),15,Wheat,2008,2008,1000 US$,"$16,936,008.00 ",Fc,Calculated data
QV,Value of Agricultural Production,231,United States of America,57,Gross Production Value (current thousand US$),15,Wheat,2009,2009,1000 US$,"$10,805,465.00 ",Fc,Calculated data
QV,Value of Agricultural Production,231,United States of America,57,Gross Production Value (current thousand US$),15,Wheat,2010,2010,1000 US$,"$12,553,043.00 ",Fc,Calculated data
QV,Value of Agricultural Production,231,United States of America,57,Gross Production Value (current thousand US$),15,Wheat,2011,2011,1000 US$,"$14,475,403.00 ",Fc,Calculated data
QV,Value of Agricultural Production,231,United States of America,57,Gross Production Value (current thousand US$),15,Wheat,2012,2012,1000 US$,"$17,639,732.00 ",Fc,Calculated data
QV,Value of Agricultural Production,231,United States of America,57,Gross Production Value (current thousand US$),15,Wheat,2013,2013,1000 US$,"$14,642,362.00 ",Fc,Calculated data
QV,Value of Agricultural Production,231,United States of America,57,Gross Production Value (current thousand US$),15,Wheat,2014,2014,1000 US$,"$12,132,366.00 ",Fc,Calculated data
QV,Value of Agricultural Production,231,United States of America,57,Gross Production Value (current thousand US$),15,Wheat,2015,2015,1000 US$,"$10,051,117.00 ",Fc,Calculated data
QV,Value of Agricultural Production,231,United States of America,57,Gross Production Value (current thousand US$),15,Wheat,2016,2016,1000 US$,"$8,984,906.00 ",Fc,Calculated data
QV,Value of Agricultural Production,231,United States of America,57,Gross Production Value (current thousand US$),15,Wheat,2017,2017,1000 US$,"$8,196,707.00 ",Fc,Calculated data
QV,Value of Agricultural Production,231,United States of America,57,Gross Production Value (current thousand US$),15,Wheat,2018,2018,1000 US$,"$9,696,747.00 ",Fc,Calculated data
QV,Value of Agricultural Production,231,United States of America,57,Gross Production Value (current thousand US$),15,Wheat,2019,2019,1000 US$,"$8,727,023.00 ",Fc,Calculated data
QV,Value of Agricultural Production,231,United States of America,58,Gross Production Value (constant 2014-2016 thousand US$),15,Wheat,2000,2000,1000 US$,"$10,975,727.00 ",Fc,Calculated data
QV,Value of Agricultural Production,231,United States of America,58,Gross Production Value (constant 2014-2016 thousand US$),15,Wheat,2001,2001,1000 US$,"$9,592,988.00 ",Fc,Calculated data
QV,Value of Agricultural Production,231,United States of America,58,Gross Production Value (constant 2014-2016 thousand US$),15,Wheat,2002,2002,1000 US$,"$7,910,418.00 ",Fc,Calculated data
QV,Value of Agricultural Production,231,United States of America,58,Gross Production Value (constant 2014-2016 thousand US$),15,Wheat,2003,2003,1000 US$,"$11,548,389.00 ",Fc,Calculated data
QV,Value of Agricultural Production,231,United States of America,58,Gross Production Value (constant 2014-2016 thousand US$),15,Wheat,2004,2004,1000 US$,"$10,624,164.00 ",Fc,Calculated data
QV,Value of Agricultural Production,231,United States of America,58,Gross Production Value (constant 2014-2016 thousand US$),15,Wheat,2005,2005,1000 US$,"$10,360,801.00 ",Fc,Calculated data
QV,Value of Agricultural Production,231,United States of America,58,Gross Production Value (constant 2014-2016 thousand US$),15,Wheat,2006,2006,1000 US$,"$8,908,103.00 ",Fc,Calculated data
QV,Value of Agricultural Production,231,United States of America,58,Gross Production Value (constant 2014-2016 thousand US$),15,Wheat,2007,2007,1000 US$,"$10,103,485.00 ",Fc,Calculated data
QV,Value of Agricultural Production,231,United States of America,58,Gross Production Value (constant 2014-2016 thousand US$),15,Wheat,2008,2008,1000 US$,"$12,310,913.00 ",Fc,Calculated data
QV,Value of Agricultural Production,231,United States of America,58,Gross Production Value (constant 2014-2016 thousand US$),15,Wheat,2009,2009,1000 US$,"$10,926,197.00 ",Fc,Calculated data
QV,Value of Agricultural Production,231,United States of America,58,Gross Production Value (constant 2014-2016 thousand US$),15,Wheat,2010,2010,1000 US$,"$10,871,296.00 ",Fc,Calculated data
QV,Value of Agricultural Production,231,United States of America,58,Gross Production Value (constant 2014-2016 thousand US$),15,Wheat,2011,2011,1000 US$,"$9,849,804.00 ",Fc,Calculated data
QV,Value of Agricultural Production,231,United States of America,58,Gross Production Value (constant 2014-2016 thousand US$),15,Wheat,2012,2012,1000 US$,"$11,163,607.00 ",Fc,Calculated data
QV,Value of Agricultural Production,231,United States of America,58,Gross Production Value (constant 2014-2016 thousand US$),15,Wheat,2013,2013,1000 US$,"$10,516,934.00 ",Fc,Calculated data
QV,Value of Agricultural Production,231,United States of America,58,Gross Production Value (constant 2014-2016 thousand US$),15,Wheat,2014,2014,1000 US$,"$9,981,629.00 ",Fc,Calculated data
QV,Value of Agricultural Production,231,United States of America,58,Gross Production Value (constant 2014-2016 thousand US$),15,Wheat,2015,2015,1000 US$,"$10,106,957.00 ",Fc,Calculated data
QV,Value of Agricultural Production,231,United States of America,58,Gross Production Value (constant 2014-2016 thousand US$),15,Wheat,2016,2016,1000 US$,"$11,372,503.00 ",Fc,Calculated data
QV,Value of Agricultural Production,231,United States of America,58,Gross Production Value (constant 2014-2016 thousand US$),15,Wheat,2017,2017,1000 US$,"$8,575,746.00 ",Fc,Calculated data
QV,Value of Agricultural Production,231,United States of America,58,Gross Production Value (constant 2014-2016 thousand US$),15,Wheat,2018,2018,1000 US$,"$9,286,303.00 ",Fc,Calculated data
QV,Value of Agricultural Production,231,United States of America,58,Gross Production Value (constant 2014-2016 thousand US$),15,Wheat,2019,2019,1000 US$,"$9,458,629.00 ",Fc,Calculated data
